Trace File Name, Cache Size (KB), Block Size (bytes), Associativity, Replacement Policy, Total Blocks (KB), Total Blocks Exponent (2^X), Tag Size (bits), Index Size (bits), Total Indicies (KB), Overhead Memory Size (KB), Implementation Memory Size (KB), Cache Hit Rate %, CPI
"TinyTrace.trc", 8, 4, 1, RR, 2.0, 11, 19, 11, 2.0, 5.0, 13.0, 77.19, 6.333333333333333
"TinyTrace.trc", 8, 4, 1, RND, 2.0, 11, 19, 11, 2.0, 5.0, 13.0, 82.22, 5.0
"TinyTrace.trc", 8, 4, 1, LRU, 2.0, 11, 19, 11, 2.0, 5.0, 13.0, 77.19, 6.333333333333333
"TinyTrace.trc", 8, 4, 2, RR, 2.0, 11, 20, 10, 1.0, 5.25, 13.25, 77.19, 6.333333333333333
"TinyTrace.trc", 8, 4, 2, RND, 2.0, 11, 20, 10, 1.0, 5.25, 13.25, 78.18, 6.111111111111111
"TinyTrace.trc", 8, 4, 2, LRU, 2.0, 11, 20, 10, 1.0, 5.25, 13.25, 77.19, 6.333333333333333
"TinyTrace.trc", 8, 4, 4, RR, 2.0, 11, 21, 9, 0.5, 5.5, 13.5, 77.19, 6.333333333333333
"TinyTrace.trc", 8, 4, 4, RND, 2.0, 11, 21, 9, 0.5, 5.5, 13.5, 77.19, 6.333333333333333
"TinyTrace.trc", 8, 4, 4, LRU, 2.0, 11, 21, 9, 0.5, 5.5, 13.5, 77.19, 6.333333333333333
"TinyTrace.trc", 8, 4, 8, RR, 2.0, 11, 22, 8, 0.25, 5.75, 13.75, 77.19, 6.333333333333333
"TinyTrace.trc", 8, 4, 8, RND, 2.0, 11, 22, 8, 0.25, 5.75, 13.75, 77.19, 6.333333333333333
"TinyTrace.trc", 8, 4, 8, LRU, 2.0, 11, 22, 8, 0.25, 5.75, 13.75, 77.19, 6.333333333333333
"TinyTrace.trc", 8, 16, 1, RR, 0.5, 9, 19, 9, 0.5, 1.25, 9.25, 93.04, 12.777777777777779
"TinyTrace.trc", 8, 16, 1, RND, 0.5, 9, 19, 9, 0.5, 1.25, 9.25, 93.55, 10.333333333333334
"TinyTrace.trc", 8, 16, 1, LRU, 0.5, 9, 19, 9, 0.5, 1.25, 9.25, 92.86, 14.0
"TinyTrace.trc", 8, 16, 2, RR, 0.5, 9, 20, 8, 0.25, 1.3125, 9.3125, 92.86, 14.0
"TinyTrace.trc", 8, 16, 2, RND, 0.5, 9, 20, 8, 0.25, 1.3125, 9.3125, 93.04, 12.777777777777779
"TinyTrace.trc", 8, 16, 2, LRU, 0.5, 9, 20, 8, 0.25, 1.3125, 9.3125, 92.86, 14.0
"TinyTrace.trc", 8, 16, 4, RR, 0.5, 9, 21, 7, 0.125, 1.375, 9.375, 92.86, 14.0
"TinyTrace.trc", 8, 16, 4, RND, 0.5, 9, 21, 7, 0.125, 1.375, 9.375, 92.86, 14.0
"TinyTrace.trc", 8, 16, 4, LRU, 0.5, 9, 21, 7, 0.125, 1.375, 9.375, 92.86, 14.0
"TinyTrace.trc", 8, 16, 8, RR, 0.5, 9, 22, 6, 0.0625, 1.4375, 9.4375, 92.86, 14.0
"TinyTrace.trc", 8, 16, 8, RND, 0.5, 9, 22, 6, 0.0625, 1.4375, 9.4375, 92.86, 14.0
"TinyTrace.trc", 8, 16, 8, LRU, 0.5, 9, 22, 6, 0.0625, 1.4375, 9.4375, 92.86, 14.0
"TinyTrace.trc", 8, 64, 1, RR, 0.125, 7, 19, 7, 0.125, 0.3125, 8.3125, 98.01, 44.77777777777778
"TinyTrace.trc", 8, 64, 1, RND, 0.125, 7, 19, 7, 0.125, 0.3125, 8.3125, 98.06, 34.333333333333336
"TinyTrace.trc", 8, 64, 1, LRU, 0.125, 7, 19, 7, 0.125, 0.3125, 8.3125, 98.00, 50.0
"TinyTrace.trc", 8, 64, 2, RR, 0.125, 7, 20, 6, 0.0625, 0.328125, 8.328125, 98.00, 50.0
"TinyTrace.trc", 8, 64, 2, RND, 0.125, 7, 20, 6, 0.0625, 0.328125, 8.328125, 98.01, 44.77777777777778
"TinyTrace.trc", 8, 64, 2, LRU, 0.125, 7, 20, 6, 0.0625, 0.328125, 8.328125, 98.00, 50.0
"TinyTrace.trc", 8, 64, 4, RR, 0.125, 7, 21, 5, 0.03125, 0.34375, 8.34375, 98.00, 50.0
"TinyTrace.trc", 8, 64, 4, RND, 0.125, 7, 21, 5, 0.03125, 0.34375, 8.34375, 98.00, 50.0
"TinyTrace.trc", 8, 64, 4, LRU, 0.125, 7, 21, 5, 0.03125, 0.34375, 8.34375, 98.00, 50.0
"TinyTrace.trc", 8, 64, 8, RR, 0.125, 7, 22, 4, 0.015625, 0.359375, 8.359375, 98.00, 50.0
"TinyTrace.trc", 8, 64, 8, RND, 0.125, 7, 22, 4, 0.015625, 0.359375, 8.359375, 98.00, 50.0
"TinyTrace.trc", 8, 64, 8, LRU, 0.125, 7, 22, 4, 0.015625, 0.359375, 8.359375, 98.00, 50.0
"TinyTrace.trc", 16, 4, 1, RR, 4.0, 12, 18, 12, 4.0, 9.5, 25.5, 77.19, 6.333333333333333
"TinyTrace.trc", 16, 4, 1, RND, 4.0, 12, 18, 12, 4.0, 9.5, 25.5, 82.22, 5.0
"TinyTrace.trc", 16, 4, 1, LRU, 4.0, 12, 18, 12, 4.0, 9.5, 25.5, 77.19, 6.333333333333333
"TinyTrace.trc", 16, 4, 2, RR, 4.0, 12, 19, 11, 2.0, 10.0, 26.0, 77.19, 6.333333333333333
"TinyTrace.trc", 16, 4, 2, RND, 4.0, 12, 19, 11, 2.0, 10.0, 26.0, 78.18, 6.111111111111111
"TinyTrace.trc", 16, 4, 2, LRU, 4.0, 12, 19, 11, 2.0, 10.0, 26.0, 77.19, 6.333333333333333
"TinyTrace.trc", 16, 4, 4, RR, 4.0, 12, 20, 10, 1.0, 10.5, 26.5, 77.19, 6.333333333333333
"TinyTrace.trc", 16, 4, 4, RND, 4.0, 12, 20, 10, 1.0, 10.5, 26.5, 77.19, 6.333333333333333
"TinyTrace.trc", 16, 4, 4, LRU, 4.0, 12, 20, 10, 1.0, 10.5, 26.5, 77.19, 6.333333333333333
"TinyTrace.trc", 16, 4, 8, RR, 4.0, 12, 21, 9, 0.5, 11.0, 27.0, 77.19, 6.333333333333333
"TinyTrace.trc", 16, 4, 8, RND, 4.0, 12, 21, 9, 0.5, 11.0, 27.0, 77.19, 6.333333333333333
"TinyTrace.trc", 16, 4, 8, LRU, 4.0, 12, 21, 9, 0.5, 11.0, 27.0, 77.19, 6.333333333333333
"TinyTrace.trc", 16, 16, 1, RR, 1.0, 10, 18, 10, 1.0, 2.375, 18.375, 93.04, 12.777777777777779
"TinyTrace.trc", 16, 16, 1, RND, 1.0, 10, 18, 10, 1.0, 2.375, 18.375, 93.55, 10.333333333333334
"TinyTrace.trc", 16, 16, 1, LRU, 1.0, 10, 18, 10, 1.0, 2.375, 18.375, 92.86, 14.0
"TinyTrace.trc", 16, 16, 2, RR, 1.0, 10, 19, 9, 0.5, 2.5, 18.5, 92.86, 14.0
"TinyTrace.trc", 16, 16, 2, RND, 1.0, 10, 19, 9, 0.5, 2.5, 18.5, 93.04, 12.777777777777779
"TinyTrace.trc", 16, 16, 2, LRU, 1.0, 10, 19, 9, 0.5, 2.5, 18.5, 92.86, 14.0
"TinyTrace.trc", 16, 16, 4, RR, 1.0, 10, 20, 8, 0.25, 2.625, 18.625, 92.86, 14.0
"TinyTrace.trc", 16, 16, 4, RND, 1.0, 10, 20, 8, 0.25, 2.625, 18.625, 92.86, 14.0
"TinyTrace.trc", 16, 16, 4, LRU, 1.0, 10, 20, 8, 0.25, 2.625, 18.625, 92.86, 14.0
"TinyTrace.trc", 16, 16, 8, RR, 1.0, 10, 21, 7, 0.125, 2.75, 18.75, 92.86, 14.0
"TinyTrace.trc", 16, 16, 8, RND, 1.0, 10, 21, 7, 0.125, 2.75, 18.75, 92.86, 14.0
"TinyTrace.trc", 16, 16, 8, LRU, 1.0, 10, 21, 7, 0.125, 2.75, 18.75, 92.86, 14.0
"TinyTrace.trc", 16, 64, 1, RR, 0.25, 8, 18, 8, 0.25, 0.59375, 16.59375, 98.01, 44.77777777777778
"TinyTrace.trc", 16, 64, 1, RND, 0.25, 8, 18, 8, 0.25, 0.59375, 16.59375, 98.06, 34.333333333333336
"TinyTrace.trc", 16, 64, 1, LRU, 0.25, 8, 18, 8, 0.25, 0.59375, 16.59375, 98.00, 50.0
"TinyTrace.trc", 16, 64, 2, RR, 0.25, 8, 19, 7, 0.125, 0.625, 16.625, 98.00, 50.0
"TinyTrace.trc", 16, 64, 2, RND, 0.25, 8, 19, 7, 0.125, 0.625, 16.625, 98.01, 44.77777777777778
"TinyTrace.trc", 16, 64, 2, LRU, 0.25, 8, 19, 7, 0.125, 0.625, 16.625, 98.00, 50.0
"TinyTrace.trc", 16, 64, 4, RR, 0.25, 8, 20, 6, 0.0625, 0.65625, 16.65625, 98.00, 50.0
"TinyTrace.trc", 16, 64, 4, RND, 0.25, 8, 20, 6, 0.0625, 0.65625, 16.65625, 98.00, 50.0
"TinyTrace.trc", 16, 64, 4, LRU, 0.25, 8, 20, 6, 0.0625, 0.65625, 16.65625, 98.00, 50.0
"TinyTrace.trc", 16, 64, 8, RR, 0.25, 8, 21, 5, 0.03125, 0.6875, 16.6875, 98.00, 50.0
"TinyTrace.trc", 16, 64, 8, RND, 0.25, 8, 21, 5, 0.03125, 0.6875, 16.6875, 98.00, 50.0
"TinyTrace.trc", 16, 64, 8, LRU, 0.25, 8, 21, 5, 0.03125, 0.6875, 16.6875, 98.00, 50.0
"TinyTrace.trc", 64, 4, 1, RR, 16.0, 14, 16, 14, 16.0, 34.0, 98.0, 77.19, 6.333333333333333
"TinyTrace.trc", 64, 4, 1, RND, 16.0, 14, 16, 14, 16.0, 34.0, 98.0, 82.22, 5.0
"TinyTrace.trc", 64, 4, 1, LRU, 16.0, 14, 16, 14, 16.0, 34.0, 98.0, 77.19, 6.333333333333333
"TinyTrace.trc", 64, 4, 2, RR, 16.0, 14, 17, 13, 8.0, 36.0, 100.0, 77.19, 6.333333333333333
"TinyTrace.trc", 64, 4, 2, RND, 16.0, 14, 17, 13, 8.0, 36.0, 100.0, 78.18, 6.111111111111111
"TinyTrace.trc", 64, 4, 2, LRU, 16.0, 14, 17, 13, 8.0, 36.0, 100.0, 77.19, 6.333333333333333
"TinyTrace.trc", 64, 4, 4, RR, 16.0, 14, 18, 12, 4.0, 38.0, 102.0, 77.19, 6.333333333333333
"TinyTrace.trc", 64, 4, 4, RND, 16.0, 14, 18, 12, 4.0, 38.0, 102.0, 77.19, 6.333333333333333
"TinyTrace.trc", 64, 4, 4, LRU, 16.0, 14, 18, 12, 4.0, 38.0, 102.0, 77.19, 6.333333333333333
"TinyTrace.trc", 64, 4, 8, RR, 16.0, 14, 19, 11, 2.0, 40.0, 104.0, 77.19, 6.333333333333333
"TinyTrace.trc", 64, 4, 8, RND, 16.0, 14, 19, 11, 2.0, 40.0, 104.0, 77.19, 6.333333333333333
"TinyTrace.trc", 64, 4, 8, LRU, 16.0, 14, 19, 11, 2.0, 40.0, 104.0, 77.19, 6.333333333333333
"TinyTrace.trc", 64, 16, 1, RR, 4.0, 12, 16, 12, 4.0, 8.5, 72.5, 93.04, 12.777777777777779
"TinyTrace.trc", 64, 16, 1, RND, 4.0, 12, 16, 12, 4.0, 8.5, 72.5, 93.55, 10.333333333333334
"TinyTrace.trc", 64, 16, 1, LRU, 4.0, 12, 16, 12, 4.0, 8.5, 72.5, 92.86, 14.0
"TinyTrace.trc", 64, 16, 2, RR, 4.0, 12, 17, 11, 2.0, 9.0, 73.0, 92.86, 14.0
"TinyTrace.trc", 64, 16, 2, RND, 4.0, 12, 17, 11, 2.0, 9.0, 73.0, 93.04, 12.777777777777779
"TinyTrace.trc", 64, 16, 2, LRU, 4.0, 12, 17, 11, 2.0, 9.0, 73.0, 92.86, 14.0
"TinyTrace.trc", 64, 16, 4, RR, 4.0, 12, 18, 10, 1.0, 9.5, 73.5, 92.86, 14.0
"TinyTrace.trc", 64, 16, 4, RND, 4.0, 12, 18, 10, 1.0, 9.5, 73.5, 92.86, 14.0
"TinyTrace.trc", 64, 16, 4, LRU, 4.0, 12, 18, 10, 1.0, 9.5, 73.5, 92.86, 14.0
"TinyTrace.trc", 64, 16, 8, RR, 4.0, 12, 19, 9, 0.5, 10.0, 74.0, 92.86, 14.0
"TinyTrace.trc", 64, 16, 8, RND, 4.0, 12, 19, 9, 0.5, 10.0, 74.0, 92.86, 14.0
"TinyTrace.trc", 64, 16, 8, LRU, 4.0, 12, 19, 9, 0.5, 10.0, 74.0, 92.86, 14.0
"TinyTrace.trc", 64, 64, 1, RR, 1.0, 10, 16, 10, 1.0, 2.125, 66.125, 98.01, 44.77777777777778
"TinyTrace.trc", 64, 64, 1, RND, 1.0, 10, 16, 10, 1.0, 2.125, 66.125, 98.06, 34.333333333333336
"TinyTrace.trc", 64, 64, 1, LRU, 1.0, 10, 16, 10, 1.0, 2.125, 66.125, 98.00, 50.0
"TinyTrace.trc", 64, 64, 2, RR, 1.0, 10, 17, 9, 0.5, 2.25, 66.25, 98.00, 50.0
"TinyTrace.trc", 64, 64, 2, RND, 1.0, 10, 17, 9, 0.5, 2.25, 66.25, 98.01, 44.77777777777778
"TinyTrace.trc", 64, 64, 2, LRU, 1.0, 10, 17, 9, 0.5, 2.25, 66.25, 98.00, 50.0
"TinyTrace.trc", 64, 64, 4, RR, 1.0, 10, 18, 8, 0.25, 2.375, 66.375, 98.00, 50.0
"TinyTrace.trc", 64, 64, 4, RND, 1.0, 10, 18, 8, 0.25, 2.375, 66.375, 98.00, 50.0
"TinyTrace.trc", 64, 64, 4, LRU, 1.0, 10, 18, 8, 0.25, 2.375, 66.375, 98.00, 50.0
"TinyTrace.trc", 64, 64, 8, RR, 1.0, 10, 19, 7, 0.125, 2.5, 66.5, 98.00, 50.0
"TinyTrace.trc", 64, 64, 8, RND, 1.0, 10, 19, 7, 0.125, 2.5, 66.5, 98.00, 50.0
"TinyTrace.trc", 64, 64, 8, LRU, 1.0, 10, 19, 7, 0.125, 2.5, 66.5, 98.00, 50.0
"TinyTrace.trc", 256, 4, 1, RR, 64.0, 16, 14, 16, 64.0, 120.0, 376.0, 77.19, 6.333333333333333
"TinyTrace.trc", 256, 4, 1, RND, 64.0, 16, 14, 16, 64.0, 120.0, 376.0, 82.22, 5.0
"TinyTrace.trc", 256, 4, 1, LRU, 64.0, 16, 14, 16, 64.0, 120.0, 376.0, 77.19, 6.333333333333333
"TinyTrace.trc", 256, 4, 2, RR, 64.0, 16, 15, 15, 32.0, 128.0, 384.0, 77.19, 6.333333333333333
"TinyTrace.trc", 256, 4, 2, RND, 64.0, 16, 15, 15, 32.0, 128.0, 384.0, 78.18, 6.111111111111111
"TinyTrace.trc", 256, 4, 2, LRU, 64.0, 16, 15, 15, 32.0, 128.0, 384.0, 77.19, 6.333333333333333
"TinyTrace.trc", 256, 4, 4, RR, 64.0, 16, 16, 14, 16.0, 136.0, 392.0, 77.19, 6.333333333333333
"TinyTrace.trc", 256, 4, 4, RND, 64.0, 16, 16, 14, 16.0, 136.0, 392.0, 77.19, 6.333333333333333
"TinyTrace.trc", 256, 4, 4, LRU, 64.0, 16, 16, 14, 16.0, 136.0, 392.0, 77.19, 6.333333333333333
"TinyTrace.trc", 256, 4, 8, RR, 64.0, 16, 17, 13, 8.0, 144.0, 400.0, 77.19, 6.333333333333333
"TinyTrace.trc", 256, 4, 8, RND, 64.0, 16, 17, 13, 8.0, 144.0, 400.0, 77.19, 6.333333333333333
"TinyTrace.trc", 256, 4, 8, LRU, 64.0, 16, 17, 13, 8.0, 144.0, 400.0, 77.19, 6.333333333333333
"TinyTrace.trc", 256, 16, 1, RR, 16.0, 14, 14, 14, 16.0, 30.0, 286.0, 93.04, 12.777777777777779
"TinyTrace.trc", 256, 16, 1, RND, 16.0, 14, 14, 14, 16.0, 30.0, 286.0, 93.55, 10.333333333333334
"TinyTrace.trc", 256, 16, 1, LRU, 16.0, 14, 14, 14, 16.0, 30.0, 286.0, 92.86, 14.0
"TinyTrace.trc", 256, 16, 2, RR, 16.0, 14, 15, 13, 8.0, 32.0, 288.0, 92.86, 14.0
"TinyTrace.trc", 256, 16, 2, RND, 16.0, 14, 15, 13, 8.0, 32.0, 288.0, 93.04, 12.777777777777779
"TinyTrace.trc", 256, 16, 2, LRU, 16.0, 14, 15, 13, 8.0, 32.0, 288.0, 92.86, 14.0
"TinyTrace.trc", 256, 16, 4, RR, 16.0, 14, 16, 12, 4.0, 34.0, 290.0, 92.86, 14.0
"TinyTrace.trc", 256, 16, 4, RND, 16.0, 14, 16, 12, 4.0, 34.0, 290.0, 92.86, 14.0
"TinyTrace.trc", 256, 16, 4, LRU, 16.0, 14, 16, 12, 4.0, 34.0, 290.0, 92.86, 14.0
"TinyTrace.trc", 256, 16, 8, RR, 16.0, 14, 17, 11, 2.0, 36.0, 292.0, 92.86, 14.0
"TinyTrace.trc", 256, 16, 8, RND, 16.0, 14, 17, 11, 2.0, 36.0, 292.0, 92.86, 14.0
"TinyTrace.trc", 256, 16, 8, LRU, 16.0, 14, 17, 11, 2.0, 36.0, 292.0, 92.86, 14.0
"TinyTrace.trc", 256, 64, 1, RR, 4.0, 12, 14, 12, 4.0, 7.5, 263.5, 98.01, 44.77777777777778
"TinyTrace.trc", 256, 64, 1, RND, 4.0, 12, 14, 12, 4.0, 7.5, 263.5, 98.06, 34.333333333333336
"TinyTrace.trc", 256, 64, 1, LRU, 4.0, 12, 14, 12, 4.0, 7.5, 263.5, 98.00, 50.0
"TinyTrace.trc", 256, 64, 2, RR, 4.0, 12, 15, 11, 2.0, 8.0, 264.0, 98.00, 50.0
"TinyTrace.trc", 256, 64, 2, RND, 4.0, 12, 15, 11, 2.0, 8.0, 264.0, 98.01, 44.77777777777778
"TinyTrace.trc", 256, 64, 2, LRU, 4.0, 12, 15, 11, 2.0, 8.0, 264.0, 98.00, 50.0
"TinyTrace.trc", 256, 64, 4, RR, 4.0, 12, 16, 10, 1.0, 8.5, 264.5, 98.00, 50.0
"TinyTrace.trc", 256, 64, 4, RND, 4.0, 12, 16, 10, 1.0, 8.5, 264.5, 98.00, 50.0
"TinyTrace.trc", 256, 64, 4, LRU, 4.0, 12, 16, 10, 1.0, 8.5, 264.5, 98.00, 50.0
"TinyTrace.trc", 256, 64, 8, RR, 4.0, 12, 17, 9, 0.5, 9.0, 265.0, 98.00, 50.0
"TinyTrace.trc", 256, 64, 8, RND, 4.0, 12, 17, 9, 0.5, 9.0, 265.0, 98.00, 50.0
"TinyTrace.trc", 256, 64, 8, LRU, 4.0, 12, 17, 9, 0.5, 9.0, 265.0, 98.00, 50.0
"TestTrace.trc", 8, 4, 1, RR, 2.0, 11, 19, 11, 2.0, 5.0, 13.0, 78.90, 7.108695652173913
"TestTrace.trc", 8, 4, 1, RND, 2.0, 11, 19, 11, 2.0, 5.0, 13.0, 84.15, 5.760869565217392
"TestTrace.trc", 8, 4, 1, LRU, 2.0, 11, 19, 11, 2.0, 5.0, 13.0, 76.71, 7.934782608695652
"TestTrace.trc", 8, 4, 2, RR, 2.0, 11, 20, 10, 1.0, 5.25, 13.25, 77.75, 7.717391304347826
"TestTrace.trc", 8, 4, 2, RND, 2.0, 11, 20, 10, 1.0, 5.25, 13.25, 81.06, 6.543478260869565
"TestTrace.trc", 8, 4, 2, LRU, 2.0, 11, 20, 10, 1.0, 5.25, 13.25, 76.71, 7.934782608695652
"TestTrace.trc", 8, 4, 4, RR, 2.0, 11, 21, 9, 0.5, 5.5, 13.5, 77.13, 7.891304347826087
"TestTrace.trc", 8, 4, 4, RND, 2.0, 11, 21, 9, 0.5, 5.5, 13.5, 77.49, 7.630434782608695
"TestTrace.trc", 8, 4, 4, LRU, 2.0, 11, 21, 9, 0.5, 5.5, 13.5, 76.71, 7.934782608695652
"TestTrace.trc", 8, 4, 8, RR, 2.0, 11, 22, 8, 0.25, 5.75, 13.75, 76.71, 7.934782608695652
"TestTrace.trc", 8, 4, 8, RND, 2.0, 11, 22, 8, 0.25, 5.75, 13.75, 76.94, 7.826086956521739
"TestTrace.trc", 8, 4, 8, LRU, 2.0, 11, 22, 8, 0.25, 5.75, 13.75, 76.71, 7.934782608695652
"TestTrace.trc", 8, 16, 1, RR, 0.5, 9, 19, 9, 0.5, 1.25, 9.25, 93.46, 13.304347826086957
"TestTrace.trc", 8, 16, 1, RND, 0.5, 9, 19, 9, 0.5, 1.25, 9.25, 94.15, 10.41304347826087
"TestTrace.trc", 8, 16, 1, LRU, 0.5, 9, 19, 9, 0.5, 1.25, 9.25, 92.71, 19.08695652173913
"TestTrace.trc", 8, 16, 2, RR, 0.5, 9, 20, 8, 0.25, 1.3125, 9.3125, 93.43, 14.565217391304348
"TestTrace.trc", 8, 16, 2, RND, 0.5, 9, 20, 8, 0.25, 1.3125, 9.3125, 93.72, 12.108695652173912
"TestTrace.trc", 8, 16, 2, LRU, 0.5, 9, 20, 8, 0.25, 1.3125, 9.3125, 92.71, 19.08695652173913
"TestTrace.trc", 8, 16, 4, RR, 0.5, 9, 21, 7, 0.125, 1.375, 9.375, 93.22, 17.0
"TestTrace.trc", 8, 16, 4, RND, 0.5, 9, 21, 7, 0.125, 1.375, 9.375, 93.12, 15.173913043478262
"TestTrace.trc", 8, 16, 4, LRU, 0.5, 9, 21, 7, 0.125, 1.375, 9.375, 92.71, 19.08695652173913
"TestTrace.trc", 8, 16, 8, RR, 0.5, 9, 22, 6, 0.0625, 1.4375, 9.4375, 93.06, 18.47826086956522
"TestTrace.trc", 8, 16, 8, RND, 0.5, 9, 22, 6, 0.0625, 1.4375, 9.4375, 92.85, 17.630434782608695
"TestTrace.trc", 8, 16, 8, LRU, 0.5, 9, 22, 6, 0.0625, 1.4375, 9.4375, 92.71, 19.08695652173913
"TestTrace.trc", 8, 64, 1, RR, 0.125, 7, 19, 7, 0.125, 0.3125, 8.3125, 98.12, 31.17391304347826
"TestTrace.trc", 8, 64, 1, RND, 0.125, 7, 19, 7, 0.125, 0.3125, 8.3125, 98.20, 23.0
"TestTrace.trc", 8, 64, 1, LRU, 0.125, 7, 19, 7, 0.125, 0.3125, 8.3125, 98.00, 59.78260869565217
"TestTrace.trc", 8, 64, 2, RR, 0.125, 7, 20, 6, 0.0625, 0.328125, 8.328125, 98.13, 33.78260869565217
"TestTrace.trc", 8, 64, 2, RND, 0.125, 7, 20, 6, 0.0625, 0.328125, 8.328125, 98.13, 29.130434782608695
"TestTrace.trc", 8, 64, 2, LRU, 0.125, 7, 20, 6, 0.0625, 0.328125, 8.328125, 98.00, 59.78260869565217
"TestTrace.trc", 8, 64, 4, RR, 0.125, 7, 21, 5, 0.03125, 0.34375, 8.34375, 98.13, 40.65217391304348
"TestTrace.trc", 8, 64, 4, RND, 0.125, 7, 21, 5, 0.03125, 0.34375, 8.34375, 98.08, 36.28260869565217
"TestTrace.trc", 8, 64, 4, LRU, 0.125, 7, 21, 5, 0.03125, 0.34375, 8.34375, 98.00, 59.78260869565217
"TestTrace.trc", 8, 64, 8, RR, 0.125, 7, 22, 4, 0.015625, 0.359375, 8.359375, 98.19, 43.26086956521739
"TestTrace.trc", 8, 64, 8, RND, 0.125, 7, 22, 4, 0.015625, 0.359375, 8.359375, 98.07, 39.34782608695652
"TestTrace.trc", 8, 64, 8, LRU, 0.125, 7, 22, 4, 0.015625, 0.359375, 8.359375, 98.00, 59.78260869565217
"TestTrace.trc", 16, 4, 1, RR, 4.0, 12, 18, 12, 4.0, 9.5, 25.5, 78.90, 7.108695652173913
"TestTrace.trc", 16, 4, 1, RND, 4.0, 12, 18, 12, 4.0, 9.5, 25.5, 84.15, 5.760869565217392
"TestTrace.trc", 16, 4, 1, LRU, 4.0, 12, 18, 12, 4.0, 9.5, 25.5, 76.71, 7.934782608695652
"TestTrace.trc", 16, 4, 2, RR, 4.0, 12, 19, 11, 2.0, 10.0, 26.0, 77.75, 7.717391304347826
"TestTrace.trc", 16, 4, 2, RND, 4.0, 12, 19, 11, 2.0, 10.0, 26.0, 81.06, 6.543478260869565
"TestTrace.trc", 16, 4, 2, LRU, 4.0, 12, 19, 11, 2.0, 10.0, 26.0, 76.71, 7.934782608695652
"TestTrace.trc", 16, 4, 4, RR, 4.0, 12, 20, 10, 1.0, 10.5, 26.5, 77.13, 7.891304347826087
"TestTrace.trc", 16, 4, 4, RND, 4.0, 12, 20, 10, 1.0, 10.5, 26.5, 77.49, 7.630434782608695
"TestTrace.trc", 16, 4, 4, LRU, 4.0, 12, 20, 10, 1.0, 10.5, 26.5, 76.71, 7.934782608695652
"TestTrace.trc", 16, 4, 8, RR, 4.0, 12, 21, 9, 0.5, 11.0, 27.0, 76.71, 7.934782608695652
"TestTrace.trc", 16, 4, 8, RND, 4.0, 12, 21, 9, 0.5, 11.0, 27.0, 76.71, 7.934782608695652
"TestTrace.trc", 16, 4, 8, LRU, 4.0, 12, 21, 9, 0.5, 11.0, 27.0, 76.71, 7.934782608695652
"TestTrace.trc", 16, 16, 1, RR, 1.0, 10, 18, 10, 1.0, 2.375, 18.375, 93.46, 13.304347826086957
"TestTrace.trc", 16, 16, 1, RND, 1.0, 10, 18, 10, 1.0, 2.375, 18.375, 94.15, 10.41304347826087
"TestTrace.trc", 16, 16, 1, LRU, 1.0, 10, 18, 10, 1.0, 2.375, 18.375, 92.71, 19.08695652173913
"TestTrace.trc", 16, 16, 2, RR, 1.0, 10, 19, 9, 0.5, 2.5, 18.5, 93.33, 15.0
"TestTrace.trc", 16, 16, 2, RND, 1.0, 10, 19, 9, 0.5, 2.5, 18.5, 93.72, 12.108695652173912
"TestTrace.trc", 16, 16, 2, LRU, 1.0, 10, 19, 9, 0.5, 2.5, 18.5, 92.71, 19.08695652173913
"TestTrace.trc", 16, 16, 4, RR, 1.0, 10, 20, 8, 0.25, 2.625, 18.625, 93.22, 17.0
"TestTrace.trc", 16, 16, 4, RND, 1.0, 10, 20, 8, 0.25, 2.625, 18.625, 93.12, 15.173913043478262
"TestTrace.trc", 16, 16, 4, LRU, 1.0, 10, 20, 8, 0.25, 2.625, 18.625, 92.71, 19.08695652173913
"TestTrace.trc", 16, 16, 8, RR, 1.0, 10, 21, 7, 0.125, 2.75, 18.75, 92.97, 18.565217391304348
"TestTrace.trc", 16, 16, 8, RND, 1.0, 10, 21, 7, 0.125, 2.75, 18.75, 92.82, 17.869565217391305
"TestTrace.trc", 16, 16, 8, LRU, 1.0, 10, 21, 7, 0.125, 2.75, 18.75, 92.71, 19.08695652173913
"TestTrace.trc", 16, 64, 1, RR, 0.25, 8, 18, 8, 0.25, 0.59375, 16.59375, 98.12, 31.17391304347826
"TestTrace.trc", 16, 64, 1, RND, 0.25, 8, 18, 8, 0.25, 0.59375, 16.59375, 98.20, 23.0
"TestTrace.trc", 16, 64, 1, LRU, 0.25, 8, 18, 8, 0.25, 0.59375, 16.59375, 98.00, 59.78260869565217
"TestTrace.trc", 16, 64, 2, RR, 0.25, 8, 19, 7, 0.125, 0.625, 16.625, 98.12, 35.78260869565217
"TestTrace.trc", 16, 64, 2, RND, 0.25, 8, 19, 7, 0.125, 0.625, 16.625, 98.12, 31.17391304347826
"TestTrace.trc", 16, 64, 2, LRU, 0.25, 8, 19, 7, 0.125, 0.625, 16.625, 98.00, 59.78260869565217
"TestTrace.trc", 16, 64, 4, RR, 0.25, 8, 20, 6, 0.0625, 0.65625, 16.65625, 98.13, 40.65217391304348
"TestTrace.trc", 16, 64, 4, RND, 0.25, 8, 20, 6, 0.0625, 0.65625, 16.65625, 98.08, 36.28260869565217
"TestTrace.trc", 16, 64, 4, LRU, 0.25, 8, 20, 6, 0.0625, 0.65625, 16.65625, 98.00, 59.78260869565217
"TestTrace.trc", 16, 64, 8, RR, 0.25, 8, 21, 5, 0.03125, 0.6875, 16.6875, 98.11, 49.34782608695652
"TestTrace.trc", 16, 64, 8, RND, 0.25, 8, 21, 5, 0.03125, 0.6875, 16.6875, 98.04, 46.5
"TestTrace.trc", 16, 64, 8, LRU, 0.25, 8, 21, 5, 0.03125, 0.6875, 16.6875, 98.00, 59.78260869565217
"TestTrace.trc", 64, 4, 1, RR, 16.0, 14, 16, 14, 16.0, 34.0, 98.0, 78.90, 7.108695652173913
"TestTrace.trc", 64, 4, 1, RND, 16.0, 14, 16, 14, 16.0, 34.0, 98.0, 84.15, 5.760869565217392
"TestTrace.trc", 64, 4, 1, LRU, 16.0, 14, 16, 14, 16.0, 34.0, 98.0, 76.71, 7.934782608695652
"TestTrace.trc", 64, 4, 2, RR, 16.0, 14, 17, 13, 8.0, 36.0, 100.0, 77.75, 7.717391304347826
"TestTrace.trc", 64, 4, 2, RND, 16.0, 14, 17, 13, 8.0, 36.0, 100.0, 81.06, 6.543478260869565
"TestTrace.trc", 64, 4, 2, LRU, 16.0, 14, 17, 13, 8.0, 36.0, 100.0, 76.71, 7.934782608695652
"TestTrace.trc", 64, 4, 4, RR, 16.0, 14, 18, 12, 4.0, 38.0, 102.0, 77.13, 7.891304347826087
"TestTrace.trc", 64, 4, 4, RND, 16.0, 14, 18, 12, 4.0, 38.0, 102.0, 77.49, 7.630434782608695
"TestTrace.trc", 64, 4, 4, LRU, 16.0, 14, 18, 12, 4.0, 38.0, 102.0, 76.71, 7.934782608695652
"TestTrace.trc", 64, 4, 8, RR, 16.0, 14, 19, 11, 2.0, 40.0, 104.0, 76.71, 7.934782608695652
"TestTrace.trc", 64, 4, 8, RND, 16.0, 14, 19, 11, 2.0, 40.0, 104.0, 76.71, 7.934782608695652
"TestTrace.trc", 64, 4, 8, LRU, 16.0, 14, 19, 11, 2.0, 40.0, 104.0, 76.71, 7.934782608695652
"TestTrace.trc", 64, 16, 1, RR, 4.0, 12, 16, 12, 4.0, 8.5, 72.5, 93.46, 13.304347826086957
"TestTrace.trc", 64, 16, 1, RND, 4.0, 12, 16, 12, 4.0, 8.5, 72.5, 94.15, 10.41304347826087
"TestTrace.trc", 64, 16, 1, LRU, 4.0, 12, 16, 12, 4.0, 8.5, 72.5, 92.71, 19.08695652173913
"TestTrace.trc", 64, 16, 2, RR, 4.0, 12, 17, 11, 2.0, 9.0, 73.0, 93.33, 15.0
"TestTrace.trc", 64, 16, 2, RND, 4.0, 12, 17, 11, 2.0, 9.0, 73.0, 93.72, 12.108695652173912
"TestTrace.trc", 64, 16, 2, LRU, 4.0, 12, 17, 11, 2.0, 9.0, 73.0, 92.71, 19.08695652173913
"TestTrace.trc", 64, 16, 4, RR, 4.0, 12, 18, 10, 1.0, 9.5, 73.5, 93.16, 17.17391304347826
"TestTrace.trc", 64, 16, 4, RND, 4.0, 12, 18, 10, 1.0, 9.5, 73.5, 93.06, 15.652173913043478
"TestTrace.trc", 64, 16, 4, LRU, 4.0, 12, 18, 10, 1.0, 9.5, 73.5, 92.71, 19.08695652173913
"TestTrace.trc", 64, 16, 8, RR, 4.0, 12, 19, 9, 0.5, 10.0, 74.0, 92.97, 18.565217391304348
"TestTrace.trc", 64, 16, 8, RND, 4.0, 12, 19, 9, 0.5, 10.0, 74.0, 92.82, 17.869565217391305
"TestTrace.trc", 64, 16, 8, LRU, 4.0, 12, 19, 9, 0.5, 10.0, 74.0, 92.71, 19.08695652173913
"TestTrace.trc", 64, 64, 1, RR, 1.0, 10, 16, 10, 1.0, 2.125, 66.125, 98.12, 31.17391304347826
"TestTrace.trc", 64, 64, 1, RND, 1.0, 10, 16, 10, 1.0, 2.125, 66.125, 98.20, 23.0
"TestTrace.trc", 64, 64, 1, LRU, 1.0, 10, 16, 10, 1.0, 2.125, 66.125, 98.00, 59.78260869565217
"TestTrace.trc", 64, 64, 2, RR, 1.0, 10, 17, 9, 0.5, 2.25, 66.25, 98.12, 35.78260869565217
"TestTrace.trc", 64, 64, 2, RND, 1.0, 10, 17, 9, 0.5, 2.25, 66.25, 98.12, 31.17391304347826
"TestTrace.trc", 64, 64, 2, LRU, 1.0, 10, 17, 9, 0.5, 2.25, 66.25, 98.00, 59.78260869565217
"TestTrace.trc", 64, 64, 4, RR, 1.0, 10, 18, 8, 0.25, 2.375, 66.375, 98.11, 42.56521739130435
"TestTrace.trc", 64, 64, 4, RND, 1.0, 10, 18, 8, 0.25, 2.375, 66.375, 98.07, 38.32608695652174
"TestTrace.trc", 64, 64, 4, LRU, 1.0, 10, 18, 8, 0.25, 2.375, 66.375, 98.00, 59.78260869565217
"TestTrace.trc", 64, 64, 8, RR, 1.0, 10, 19, 7, 0.125, 2.5, 66.5, 98.11, 49.34782608695652
"TestTrace.trc", 64, 64, 8, RND, 1.0, 10, 19, 7, 0.125, 2.5, 66.5, 98.04, 46.5
"TestTrace.trc", 64, 64, 8, LRU, 1.0, 10, 19, 7, 0.125, 2.5, 66.5, 98.00, 59.78260869565217
"TestTrace.trc", 256, 4, 1, RR, 64.0, 16, 14, 16, 64.0, 120.0, 376.0, 78.90, 7.108695652173913
"TestTrace.trc", 256, 4, 1, RND, 64.0, 16, 14, 16, 64.0, 120.0, 376.0, 84.15, 5.760869565217392
"TestTrace.trc", 256, 4, 1, LRU, 64.0, 16, 14, 16, 64.0, 120.0, 376.0, 76.71, 7.934782608695652
"TestTrace.trc", 256, 4, 2, RR, 64.0, 16, 15, 15, 32.0, 128.0, 384.0, 77.75, 7.717391304347826
"TestTrace.trc", 256, 4, 2, RND, 64.0, 16, 15, 15, 32.0, 128.0, 384.0, 81.06, 6.543478260869565
"TestTrace.trc", 256, 4, 2, LRU, 64.0, 16, 15, 15, 32.0, 128.0, 384.0, 76.71, 7.934782608695652
"TestTrace.trc", 256, 4, 4, RR, 64.0, 16, 16, 14, 16.0, 136.0, 392.0, 77.13, 7.891304347826087
"TestTrace.trc", 256, 4, 4, RND, 64.0, 16, 16, 14, 16.0, 136.0, 392.0, 77.49, 7.630434782608695
"TestTrace.trc", 256, 4, 4, LRU, 64.0, 16, 16, 14, 16.0, 136.0, 392.0, 76.71, 7.934782608695652
"TestTrace.trc", 256, 4, 8, RR, 64.0, 16, 17, 13, 8.0, 144.0, 400.0, 76.71, 7.934782608695652
"TestTrace.trc", 256, 4, 8, RND, 64.0, 16, 17, 13, 8.0, 144.0, 400.0, 76.71, 7.934782608695652
"TestTrace.trc", 256, 4, 8, LRU, 64.0, 16, 17, 13, 8.0, 144.0, 400.0, 76.71, 7.934782608695652
"TestTrace.trc", 256, 16, 1, RR, 16.0, 14, 14, 14, 16.0, 30.0, 286.0, 93.46, 13.304347826086957
"TestTrace.trc", 256, 16, 1, RND, 16.0, 14, 14, 14, 16.0, 30.0, 286.0, 94.15, 10.41304347826087
"TestTrace.trc", 256, 16, 1, LRU, 16.0, 14, 14, 14, 16.0, 30.0, 286.0, 92.71, 19.08695652173913
"TestTrace.trc", 256, 16, 2, RR, 16.0, 14, 15, 13, 8.0, 32.0, 288.0, 93.33, 15.0
"TestTrace.trc", 256, 16, 2, RND, 16.0, 14, 15, 13, 8.0, 32.0, 288.0, 93.72, 12.108695652173912
"TestTrace.trc", 256, 16, 2, LRU, 16.0, 14, 15, 13, 8.0, 32.0, 288.0, 92.71, 19.08695652173913
"TestTrace.trc", 256, 16, 4, RR, 16.0, 14, 16, 12, 4.0, 34.0, 290.0, 93.16, 17.17391304347826
"TestTrace.trc", 256, 16, 4, RND, 16.0, 14, 16, 12, 4.0, 34.0, 290.0, 93.06, 15.652173913043478
"TestTrace.trc", 256, 16, 4, LRU, 16.0, 14, 16, 12, 4.0, 34.0, 290.0, 92.71, 19.08695652173913
"TestTrace.trc", 256, 16, 8, RR, 16.0, 14, 17, 11, 2.0, 36.0, 292.0, 92.97, 18.565217391304348
"TestTrace.trc", 256, 16, 8, RND, 16.0, 14, 17, 11, 2.0, 36.0, 292.0, 92.82, 17.869565217391305
"TestTrace.trc", 256, 16, 8, LRU, 16.0, 14, 17, 11, 2.0, 36.0, 292.0, 92.71, 19.08695652173913
"TestTrace.trc", 256, 64, 1, RR, 4.0, 12, 14, 12, 4.0, 7.5, 263.5, 98.12, 31.17391304347826
"TestTrace.trc", 256, 64, 1, RND, 4.0, 12, 14, 12, 4.0, 7.5, 263.5, 98.20, 23.0
"TestTrace.trc", 256, 64, 1, LRU, 4.0, 12, 14, 12, 4.0, 7.5, 263.5, 98.00, 59.78260869565217
"TestTrace.trc", 256, 64, 2, RR, 4.0, 12, 15, 11, 2.0, 8.0, 264.0, 98.12, 35.78260869565217
"TestTrace.trc", 256, 64, 2, RND, 4.0, 12, 15, 11, 2.0, 8.0, 264.0, 98.12, 31.17391304347826
"TestTrace.trc", 256, 64, 2, LRU, 4.0, 12, 15, 11, 2.0, 8.0, 264.0, 98.00, 59.78260869565217
"TestTrace.trc", 256, 64, 4, RR, 4.0, 12, 16, 10, 1.0, 8.5, 264.5, 98.11, 42.56521739130435
"TestTrace.trc", 256, 64, 4, RND, 4.0, 12, 16, 10, 1.0, 8.5, 264.5, 98.07, 38.32608695652174
"TestTrace.trc", 256, 64, 4, LRU, 4.0, 12, 16, 10, 1.0, 8.5, 264.5, 98.00, 59.78260869565217
"TestTrace.trc", 256, 64, 8, RR, 4.0, 12, 17, 9, 0.5, 9.0, 265.0, 98.11, 49.34782608695652
"TestTrace.trc", 256, 64, 8, RND, 4.0, 12, 17, 9, 0.5, 9.0, 265.0, 98.04, 46.5
"TestTrace.trc", 256, 64, 8, LRU, 4.0, 12, 17, 9, 0.5, 9.0, 265.0, 98.00, 59.78260869565217
"Corruption1.trc", 8, 4, 1, RR, 2.0, 11, 19, 11, 2.0, 5.0, 13.0, 88.80, 5.717133333333333
"Corruption1.trc", 8, 4, 1, RND, 2.0, 11, 19, 11, 2.0, 5.0, 13.0, 90.32, 5.4732
"Corruption1.trc", 8, 4, 1, LRU, 2.0, 11, 19, 11, 2.0, 5.0, 13.0, 76.61, 8.7706
"Corruption1.trc", 8, 4, 2, RR, 2.0, 11, 20, 10, 1.0, 5.25, 13.25, 90.08, 6.875733333333334
"Corruption1.trc", 8, 4, 2, RND, 2.0, 11, 20, 10, 1.0, 5.25, 13.25, 90.77, 5.444
"Corruption1.trc", 8, 4, 2, LRU, 2.0, 11, 20, 10, 1.0, 5.25, 13.25, 76.61, 8.7706
"Corruption1.trc", 8, 4, 4, RR, 2.0, 11, 21, 9, 0.5, 5.5, 13.5, 91.77, 8.9238
"Corruption1.trc", 8, 4, 4, RND, 2.0, 11, 21, 9, 0.5, 5.5, 13.5, 90.58, 5.459066666666667
"Corruption1.trc", 8, 4, 4, LRU, 2.0, 11, 21, 9, 0.5, 5.5, 13.5, 76.61, 8.7706
"Corruption1.trc", 8, 4, 8, RR, 2.0, 11, 22, 8, 0.25, 5.75, 13.75, 93.79, 12.584
"Corruption1.trc", 8, 4, 8, RND, 2.0, 11, 22, 8, 0.25, 5.75, 13.75, 90.44, 5.471333333333333
"Corruption1.trc", 8, 4, 8, LRU, 2.0, 11, 22, 8, 0.25, 5.75, 13.75, 76.61, 8.7706
"Corruption1.trc", 8, 16, 1, RR, 0.5, 9, 19, 9, 0.5, 1.25, 9.25, 96.14, 7.100266666666666
"Corruption1.trc", 8, 16, 1, RND, 0.5, 9, 19, 9, 0.5, 1.25, 9.25, 96.38, 6.781933333333333
"Corruption1.trc", 8, 16, 1, LRU, 0.5, 9, 19, 9, 0.5, 1.25, 9.25, 92.69, 21.3788
"Corruption1.trc", 8, 16, 2, RR, 0.5, 9, 20, 8, 0.25, 1.3125, 9.3125, 96.49, 8.4944
"Corruption1.trc", 8, 16, 2, RND, 0.5, 9, 20, 8, 0.25, 1.3125, 9.3125, 96.60, 6.537866666666667
"Corruption1.trc", 8, 16, 2, LRU, 0.5, 9, 20, 8, 0.25, 1.3125, 9.3125, 92.69, 21.3788
"Corruption1.trc", 8, 16, 4, RR, 0.5, 9, 21, 7, 0.125, 1.375, 9.375, 96.94, 11.078
"Corruption1.trc", 8, 16, 4, RND, 0.5, 9, 21, 7, 0.125, 1.375, 9.375, 96.58, 6.558133333333333
"Corruption1.trc", 8, 16, 4, LRU, 0.5, 9, 21, 7, 0.125, 1.375, 9.375, 92.69, 21.3788
"Corruption1.trc", 8, 16, 8, RR, 0.5, 9, 22, 6, 0.0625, 1.4375, 9.4375, 97.61, 15.500666666666667
"Corruption1.trc", 8, 16, 8, RND, 0.5, 9, 22, 6, 0.0625, 1.4375, 9.4375, 96.61, 6.527
"Corruption1.trc", 8, 16, 8, LRU, 0.5, 9, 22, 6, 0.0625, 1.4375, 9.4375, 92.69, 21.3788
"Corruption1.trc", 8, 64, 1, RR, 0.125, 7, 19, 7, 0.125, 0.3125, 8.3125, 98.69, 10.3088
"Corruption1.trc", 8, 64, 1, RND, 0.125, 7, 19, 7, 0.125, 0.3125, 8.3125, 98.72, 9.982933333333333
"Corruption1.trc", 8, 64, 1, LRU, 0.125, 7, 19, 7, 0.125, 0.3125, 8.3125, 98.00, 68.2428
"Corruption1.trc", 8, 64, 2, RR, 0.125, 7, 20, 6, 0.0625, 0.328125, 8.328125, 98.74, 12.594
"Corruption1.trc", 8, 64, 2, RND, 0.125, 7, 20, 6, 0.0625, 0.328125, 8.328125, 98.77, 9.399
"Corruption1.trc", 8, 64, 2, LRU, 0.125, 7, 20, 6, 0.0625, 0.328125, 8.328125, 98.00, 68.2428
"Corruption1.trc", 8, 64, 4, RR, 0.125, 7, 21, 5, 0.03125, 0.34375, 8.34375, 98.81, 16.731066666666667
"Corruption1.trc", 8, 64, 4, RND, 0.125, 7, 21, 5, 0.03125, 0.34375, 8.34375, 98.79, 9.183266666666666
"Corruption1.trc", 8, 64, 4, LRU, 0.125, 7, 21, 5, 0.03125, 0.34375, 8.34375, 98.00, 68.2428
"Corruption1.trc", 8, 64, 8, RR, 0.125, 7, 22, 4, 0.015625, 0.359375, 8.359375, 98.97, 22.556933333333333
"Corruption1.trc", 8, 64, 8, RND, 0.125, 7, 22, 4, 0.015625, 0.359375, 8.359375, 98.80, 9.045933333333334
"Corruption1.trc", 8, 64, 8, LRU, 0.125, 7, 22, 4, 0.015625, 0.359375, 8.359375, 98.00, 68.2428
"Corruption1.trc", 16, 4, 1, RR, 4.0, 12, 18, 12, 4.0, 9.5, 25.5, 87.94, 5.8886
"Corruption1.trc", 16, 4, 1, RND, 4.0, 12, 18, 12, 4.0, 9.5, 25.5, 90.35, 5.482733333333333
"Corruption1.trc", 16, 4, 1, LRU, 4.0, 12, 18, 12, 4.0, 9.5, 25.5, 76.61, 8.7706
"Corruption1.trc", 16, 4, 2, RR, 4.0, 12, 19, 11, 2.0, 10.0, 26.0, 89.73, 7.012133333333334
"Corruption1.trc", 16, 4, 2, RND, 4.0, 12, 19, 11, 2.0, 10.0, 26.0, 90.46, 5.523
"Corruption1.trc", 16, 4, 2, LRU, 4.0, 12, 19, 11, 2.0, 10.0, 26.0, 76.61, 8.7706
"Corruption1.trc", 16, 4, 4, RR, 4.0, 12, 20, 10, 1.0, 10.5, 26.5, 91.49, 9.074333333333334
"Corruption1.trc", 16, 4, 4, RND, 4.0, 12, 20, 10, 1.0, 10.5, 26.5, 89.83, 5.603533333333333
"Corruption1.trc", 16, 4, 4, LRU, 4.0, 12, 20, 10, 1.0, 10.5, 26.5, 76.61, 8.7706
"Corruption1.trc", 16, 4, 8, RR, 4.0, 12, 21, 9, 0.5, 11.0, 27.0, 93.56, 12.727533333333334
"Corruption1.trc", 16, 4, 8, RND, 4.0, 12, 21, 9, 0.5, 11.0, 27.0, 89.55, 5.638866666666667
"Corruption1.trc", 16, 4, 8, LRU, 4.0, 12, 21, 9, 0.5, 11.0, 27.0, 76.61, 8.7706
"Corruption1.trc", 16, 16, 1, RR, 1.0, 10, 18, 10, 1.0, 2.375, 18.375, 96.04, 7.254333333333333
"Corruption1.trc", 16, 16, 1, RND, 1.0, 10, 18, 10, 1.0, 2.375, 18.375, 96.47, 6.694333333333334
"Corruption1.trc", 16, 16, 1, LRU, 1.0, 10, 18, 10, 1.0, 2.375, 18.375, 92.69, 21.3788
"Corruption1.trc", 16, 16, 2, RR, 1.0, 10, 19, 9, 0.5, 2.5, 18.5, 96.48, 8.577733333333333
"Corruption1.trc", 16, 16, 2, RND, 1.0, 10, 19, 9, 0.5, 2.5, 18.5, 96.57, 6.6
"Corruption1.trc", 16, 16, 2, LRU, 1.0, 10, 19, 9, 0.5, 2.5, 18.5, 92.69, 21.3788
"Corruption1.trc", 16, 16, 4, RR, 1.0, 10, 20, 8, 0.25, 2.625, 18.625, 97.05, 11.032133333333332
"Corruption1.trc", 16, 16, 4, RND, 1.0, 10, 20, 8, 0.25, 2.625, 18.625, 96.58, 6.588866666666667
"Corruption1.trc", 16, 16, 4, LRU, 1.0, 10, 20, 8, 0.25, 2.625, 18.625, 92.69, 21.3788
"Corruption1.trc", 16, 16, 8, RR, 1.0, 10, 21, 7, 0.125, 2.75, 18.75, 97.65, 15.6044
"Corruption1.trc", 16, 16, 8, RND, 1.0, 10, 21, 7, 0.125, 2.75, 18.75, 96.54, 6.6316
"Corruption1.trc", 16, 16, 8, LRU, 1.0, 10, 21, 7, 0.125, 2.75, 18.75, 92.69, 21.3788
"Corruption1.trc", 16, 64, 1, RR, 0.25, 8, 18, 8, 0.25, 0.59375, 16.59375, 98.73, 9.878666666666666
"Corruption1.trc", 16, 64, 1, RND, 0.25, 8, 18, 8, 0.25, 0.59375, 16.59375, 98.79, 9.214533333333334
"Corruption1.trc", 16, 64, 1, LRU, 0.25, 8, 18, 8, 0.25, 0.59375, 16.59375, 98.00, 68.2428
"Corruption1.trc", 16, 64, 2, RR, 0.25, 8, 19, 7, 0.125, 0.625, 16.625, 98.80, 11.861066666666666
"Corruption1.trc", 16, 64, 2, RND, 0.25, 8, 19, 7, 0.125, 0.625, 16.625, 98.83, 8.847266666666666
"Corruption1.trc", 16, 64, 2, LRU, 0.25, 8, 19, 7, 0.125, 0.625, 16.625, 98.00, 68.2428
"Corruption1.trc", 16, 64, 4, RR, 0.25, 8, 20, 6, 0.0625, 0.65625, 16.65625, 98.92, 15.2572
"Corruption1.trc", 16, 64, 4, RND, 0.25, 8, 20, 6, 0.0625, 0.65625, 16.65625, 98.83, 8.777666666666667
"Corruption1.trc", 16, 64, 4, LRU, 0.25, 8, 20, 6, 0.0625, 0.65625, 16.65625, 98.00, 68.2428
"Corruption1.trc", 16, 64, 8, RR, 0.25, 8, 21, 5, 0.03125, 0.6875, 16.6875, 99.05, 21.538266666666665
"Corruption1.trc", 16, 64, 8, RND, 0.25, 8, 21, 5, 0.03125, 0.6875, 16.6875, 98.84, 8.7104
"Corruption1.trc", 16, 64, 8, LRU, 0.25, 8, 21, 5, 0.03125, 0.6875, 16.6875, 98.00, 68.2428
"Corruption1.trc", 64, 4, 1, RR, 16.0, 14, 16, 14, 16.0, 34.0, 98.0, 87.69, 6.015066666666667
"Corruption1.trc", 64, 4, 1, RND, 16.0, 14, 16, 14, 16.0, 34.0, 98.0, 91.22, 5.4166
"Corruption1.trc", 64, 4, 1, LRU, 16.0, 14, 16, 14, 16.0, 34.0, 98.0, 76.61, 8.7706
"Corruption1.trc", 64, 4, 2, RR, 16.0, 14, 17, 13, 8.0, 36.0, 100.0, 88.02, 7.265866666666667
"Corruption1.trc", 64, 4, 2, RND, 16.0, 14, 17, 13, 8.0, 36.0, 100.0, 89.48, 5.7043333333333335
"Corruption1.trc", 64, 4, 2, LRU, 16.0, 14, 17, 13, 8.0, 36.0, 100.0, 76.61, 8.7706
"Corruption1.trc", 64, 4, 4, RR, 16.0, 14, 18, 12, 4.0, 38.0, 102.0, 89.53, 9.266333333333334
"Corruption1.trc", 64, 4, 4, RND, 16.0, 14, 18, 12, 4.0, 38.0, 102.0, 87.29, 6.080133333333333
"Corruption1.trc", 64, 4, 4, LRU, 16.0, 14, 18, 12, 4.0, 38.0, 102.0, 76.61, 8.7706
"Corruption1.trc", 64, 4, 8, RR, 16.0, 14, 19, 11, 2.0, 40.0, 104.0, 91.47, 12.4708
"Corruption1.trc", 64, 4, 8, RND, 16.0, 14, 19, 11, 2.0, 40.0, 104.0, 85.77, 6.347133333333334
"Corruption1.trc", 64, 4, 8, LRU, 16.0, 14, 19, 11, 2.0, 40.0, 104.0, 76.61, 8.7706
"Corruption1.trc", 64, 16, 1, RR, 4.0, 12, 16, 12, 4.0, 8.5, 72.5, 95.88, 7.528666666666667
"Corruption1.trc", 64, 16, 1, RND, 4.0, 12, 16, 12, 4.0, 8.5, 72.5, 96.57, 6.6008
"Corruption1.trc", 64, 16, 1, LRU, 4.0, 12, 16, 12, 4.0, 8.5, 72.5, 92.69, 21.3788
"Corruption1.trc", 64, 16, 2, RR, 4.0, 12, 17, 11, 2.0, 9.0, 73.0, 96.01, 9.301733333333333
"Corruption1.trc", 64, 16, 2, RND, 4.0, 12, 17, 11, 2.0, 9.0, 73.0, 96.16, 7.123266666666667
"Corruption1.trc", 64, 16, 2, LRU, 4.0, 12, 17, 11, 2.0, 9.0, 73.0, 92.69, 21.3788
"Corruption1.trc", 64, 16, 4, RR, 4.0, 12, 18, 10, 1.0, 9.5, 73.5, 96.51, 11.892133333333334
"Corruption1.trc", 64, 16, 4, RND, 4.0, 12, 18, 10, 1.0, 9.5, 73.5, 95.80, 7.658733333333333
"Corruption1.trc", 64, 16, 4, LRU, 4.0, 12, 18, 10, 1.0, 9.5, 73.5, 92.69, 21.3788
"Corruption1.trc", 64, 16, 8, RR, 4.0, 12, 19, 9, 0.5, 10.0, 74.0, 97.22, 16.2972
"Corruption1.trc", 64, 16, 8, RND, 4.0, 12, 19, 9, 0.5, 10.0, 74.0, 95.51, 8.146266666666667
"Corruption1.trc", 64, 16, 8, LRU, 4.0, 12, 19, 9, 0.5, 10.0, 74.0, 92.69, 21.3788
"Corruption1.trc", 64, 64, 1, RR, 1.0, 10, 16, 10, 1.0, 2.125, 66.125, 98.70, 10.1464
"Corruption1.trc", 64, 64, 1, RND, 1.0, 10, 16, 10, 1.0, 2.125, 66.125, 98.84, 8.730333333333334
"Corruption1.trc", 64, 64, 1, LRU, 1.0, 10, 16, 10, 1.0, 2.125, 66.125, 98.00, 68.2428
"Corruption1.trc", 64, 64, 2, RR, 1.0, 10, 17, 9, 0.5, 2.25, 66.25, 98.76, 12.422933333333333
"Corruption1.trc", 64, 64, 2, RND, 1.0, 10, 17, 9, 0.5, 2.25, 66.25, 98.77, 9.366666666666667
"Corruption1.trc", 64, 64, 2, LRU, 1.0, 10, 17, 9, 0.5, 2.25, 66.25, 98.00, 68.2428
"Corruption1.trc", 64, 64, 4, RR, 1.0, 10, 18, 8, 0.25, 2.375, 66.375, 98.91, 15.3724
"Corruption1.trc", 64, 64, 4, RND, 1.0, 10, 18, 8, 0.25, 2.375, 66.375, 98.73, 9.8856
"Corruption1.trc", 64, 64, 4, LRU, 1.0, 10, 18, 8, 0.25, 2.375, 66.375, 98.00, 68.2428
"Corruption1.trc", 64, 64, 8, RR, 1.0, 10, 19, 7, 0.125, 2.5, 66.5, 99.10, 20.871066666666668
"Corruption1.trc", 64, 64, 8, RND, 1.0, 10, 19, 7, 0.125, 2.5, 66.5, 98.71, 10.112266666666667
"Corruption1.trc", 64, 64, 8, LRU, 1.0, 10, 19, 7, 0.125, 2.5, 66.5, 98.00, 68.2428
"Corruption1.trc", 256, 4, 1, RR, 64.0, 16, 14, 16, 64.0, 120.0, 376.0, 87.10, 6.133
"Corruption1.trc", 256, 4, 1, RND, 64.0, 16, 14, 16, 64.0, 120.0, 376.0, 91.12, 5.4342
"Corruption1.trc", 256, 4, 1, LRU, 64.0, 16, 14, 16, 64.0, 120.0, 376.0, 76.61, 8.7706
"Corruption1.trc", 256, 4, 2, RR, 64.0, 16, 15, 15, 32.0, 128.0, 384.0, 87.99, 7.3704
"Corruption1.trc", 256, 4, 2, RND, 64.0, 16, 15, 15, 32.0, 128.0, 384.0, 89.05, 5.780333333333333
"Corruption1.trc", 256, 4, 2, LRU, 64.0, 16, 15, 15, 32.0, 128.0, 384.0, 76.61, 8.7706
"Corruption1.trc", 256, 4, 4, RR, 64.0, 16, 16, 14, 16.0, 136.0, 392.0, 89.22, 9.4884
"Corruption1.trc", 256, 4, 4, RND, 64.0, 16, 16, 14, 16.0, 136.0, 392.0, 85.99, 6.3422
"Corruption1.trc", 256, 4, 4, LRU, 64.0, 16, 16, 14, 16.0, 136.0, 392.0, 76.61, 8.7706
"Corruption1.trc", 256, 4, 8, RR, 64.0, 16, 17, 13, 8.0, 144.0, 400.0, 89.64, 11.953266666666666
"Corruption1.trc", 256, 4, 8, RND, 64.0, 16, 17, 13, 8.0, 144.0, 400.0, 83.84, 6.7771333333333335
"Corruption1.trc", 256, 4, 8, LRU, 64.0, 16, 17, 13, 8.0, 144.0, 400.0, 76.61, 8.7706
"Corruption1.trc", 256, 16, 1, RR, 16.0, 14, 14, 14, 16.0, 30.0, 286.0, 95.65, 7.8899333333333335
"Corruption1.trc", 256, 16, 1, RND, 16.0, 14, 14, 14, 16.0, 30.0, 286.0, 96.47, 6.73
"Corruption1.trc", 256, 16, 1, LRU, 16.0, 14, 14, 14, 16.0, 30.0, 286.0, 92.69, 21.3788
"Corruption1.trc", 256, 16, 2, RR, 16.0, 14, 15, 13, 8.0, 32.0, 288.0, 95.83, 9.654666666666667
"Corruption1.trc", 256, 16, 2, RND, 16.0, 14, 15, 13, 8.0, 32.0, 288.0, 95.93, 7.4592
"Corruption1.trc", 256, 16, 2, LRU, 16.0, 14, 15, 13, 8.0, 32.0, 288.0, 92.69, 21.3788
"Corruption1.trc", 256, 16, 4, RR, 16.0, 14, 16, 12, 4.0, 34.0, 290.0, 96.07, 12.6612
"Corruption1.trc", 256, 16, 4, RND, 16.0, 14, 16, 12, 4.0, 34.0, 290.0, 95.34, 8.471733333333333
"Corruption1.trc", 256, 16, 4, LRU, 16.0, 14, 16, 12, 4.0, 34.0, 290.0, 92.69, 21.3788
"Corruption1.trc", 256, 16, 8, RR, 16.0, 14, 17, 11, 2.0, 36.0, 292.0, 96.35, 17.2028
"Corruption1.trc", 256, 16, 8, RND, 16.0, 14, 17, 11, 2.0, 36.0, 292.0, 94.62, 10.132533333333333
"Corruption1.trc", 256, 16, 8, LRU, 16.0, 14, 17, 11, 2.0, 36.0, 292.0, 92.69, 21.3788
"Corruption1.trc", 256, 64, 1, RR, 4.0, 12, 14, 12, 4.0, 7.5, 263.5, 98.64, 10.9302
"Corruption1.trc", 256, 64, 1, RND, 4.0, 12, 14, 12, 4.0, 7.5, 263.5, 98.81, 8.978333333333333
"Corruption1.trc", 256, 64, 1, LRU, 4.0, 12, 14, 12, 4.0, 7.5, 263.5, 98.00, 68.2428
"Corruption1.trc", 256, 64, 2, RR, 4.0, 12, 15, 11, 2.0, 8.0, 264.0, 98.70, 13.266
"Corruption1.trc", 256, 64, 2, RND, 4.0, 12, 15, 11, 2.0, 8.0, 264.0, 98.69, 10.310666666666666
"Corruption1.trc", 256, 64, 2, LRU, 4.0, 12, 15, 11, 2.0, 8.0, 264.0, 98.00, 68.2428
"Corruption1.trc", 256, 64, 4, RR, 4.0, 12, 16, 10, 1.0, 8.5, 264.5, 98.78, 17.320933333333333
"Corruption1.trc", 256, 64, 4, RND, 4.0, 12, 16, 10, 1.0, 8.5, 264.5, 98.56, 12.271266666666667
"Corruption1.trc", 256, 64, 4, LRU, 4.0, 12, 16, 10, 1.0, 8.5, 264.5, 98.00, 68.2428
"Corruption1.trc", 256, 64, 8, RR, 4.0, 12, 17, 9, 0.5, 9.0, 265.0, 98.88, 24.31586666666667
"Corruption1.trc", 256, 64, 8, RND, 4.0, 12, 17, 9, 0.5, 9.0, 265.0, 98.44, 14.907333333333334
"Corruption1.trc", 256, 64, 8, LRU, 4.0, 12, 17, 9, 0.5, 9.0, 265.0, 98.00, 68.2428
"Trace1A.trc", 8, 4, 1, RR, 2.0, 11, 19, 11, 2.0, 5.0, 13.0, 94.94, 5.057635048915355
"Trace1A.trc", 8, 4, 1, RND, 2.0, 11, 19, 11, 2.0, 5.0, 13.0, 95.78, 4.972954771019424
"Trace1A.trc", 8, 4, 1, LRU, 2.0, 11, 19, 11, 2.0, 5.0, 13.0, 76.41, 8.886962994470439
"Trace1A.trc", 8, 4, 2, RR, 2.0, 11, 20, 10, 1.0, 5.25, 13.25, 93.50, 6.783886289522189
"Trace1A.trc", 8, 4, 2, RND, 2.0, 11, 20, 10, 1.0, 5.25, 13.25, 96.26, 4.940840776974337
"Trace1A.trc", 8, 4, 2, LRU, 2.0, 11, 20, 10, 1.0, 5.25, 13.25, 76.41, 8.886962994470439
"Trace1A.trc", 8, 4, 4, RR, 2.0, 11, 21, 9, 0.5, 5.5, 13.5, 93.74, 9.318552389054304
"Trace1A.trc", 8, 4, 4, RND, 2.0, 11, 21, 9, 0.5, 5.5, 13.5, 96.35, 4.942754856089607
"Trace1A.trc", 8, 4, 4, LRU, 2.0, 11, 21, 9, 0.5, 5.5, 13.5, 76.41, 8.886962994470439
"Trace1A.trc", 8, 4, 8, RR, 2.0, 11, 22, 8, 0.25, 5.75, 13.75, 94.84, 13.434318729618601
"Trace1A.trc", 8, 4, 8, RND, 2.0, 11, 22, 8, 0.25, 5.75, 13.75, 96.16, 4.936055579186162
"Trace1A.trc", 8, 4, 8, LRU, 2.0, 11, 22, 8, 0.25, 5.75, 13.75, 76.41, 8.886962994470439
"Trace1A.trc", 8, 16, 1, RR, 0.5, 9, 19, 9, 0.5, 1.25, 9.25, 97.11, 6.009818516943144
"Trace1A.trc", 8, 16, 1, RND, 0.5, 9, 19, 9, 0.5, 1.25, 9.25, 97.27, 5.859208847299022
"Trace1A.trc", 8, 16, 1, LRU, 0.5, 9, 19, 9, 0.5, 1.25, 9.25, 92.68, 21.42747766907699
"Trace1A.trc", 8, 16, 2, RR, 0.5, 9, 20, 8, 0.25, 1.3125, 9.3125, 96.84, 8.050829434283283
"Trace1A.trc", 8, 16, 2, RND, 0.5, 9, 20, 8, 0.25, 1.3125, 9.3125, 97.64, 5.533779951793563
"Trace1A.trc", 8, 16, 2, LRU, 0.5, 9, 20, 8, 0.25, 1.3125, 9.3125, 92.68, 21.42747766907699
"Trace1A.trc", 8, 16, 4, RR, 0.5, 9, 21, 7, 0.125, 1.375, 9.375, 96.92, 11.034453424074862
"Trace1A.trc", 8, 16, 4, RND, 0.5, 9, 21, 7, 0.125, 1.375, 9.375, 97.87, 5.354069190415426
"Trace1A.trc", 8, 16, 4, LRU, 0.5, 9, 21, 7, 0.125, 1.375, 9.375, 92.68, 21.42747766907699
"Trace1A.trc", 8, 16, 8, RR, 0.5, 9, 22, 6, 0.0625, 1.4375, 9.4375, 97.53, 15.465192116829718
"Trace1A.trc", 8, 16, 8, RND, 0.5, 9, 22, 6, 0.0625, 1.4375, 9.4375, 98.19, 5.128916773004395
"Trace1A.trc", 8, 16, 8, LRU, 0.5, 9, 22, 6, 0.0625, 1.4375, 9.4375, 92.68, 21.42747766907699
"Trace1A.trc", 8, 64, 1, RR, 0.125, 7, 19, 7, 0.125, 0.3125, 8.3125, 98.72, 9.979228697008365
"Trace1A.trc", 8, 64, 1, RND, 0.125, 7, 19, 7, 0.125, 0.3125, 8.3125, 98.73, 9.819332199064227
"Trace1A.trc", 8, 64, 1, LRU, 0.125, 7, 19, 7, 0.125, 0.3125, 8.3125, 97.99, 69.50106337728626
"Trace1A.trc", 8, 64, 2, RR, 0.125, 7, 20, 6, 0.0625, 0.328125, 8.328125, 98.66, 13.74684531405076
"Trace1A.trc", 8, 64, 2, RND, 0.125, 7, 20, 6, 0.0625, 0.328125, 8.328125, 98.83, 8.762654189706508
"Trace1A.trc", 8, 64, 2, LRU, 0.125, 7, 20, 6, 0.0625, 0.328125, 8.328125, 97.99, 69.50106337728626
"Trace1A.trc", 8, 64, 4, RR, 0.125, 7, 21, 5, 0.03125, 0.34375, 8.34375, 98.69, 18.914788033460937
"Trace1A.trc", 8, 64, 4, RND, 0.125, 7, 21, 5, 0.03125, 0.34375, 8.34375, 98.84, 8.728697008365234
"Trace1A.trc", 8, 64, 4, LRU, 0.125, 7, 21, 5, 0.03125, 0.34375, 8.34375, 97.99, 69.50106337728626
"Trace1A.trc", 8, 64, 8, RR, 0.125, 7, 22, 4, 0.015625, 0.359375, 8.359375, 98.87, 24.26159081242025
"Trace1A.trc", 8, 64, 8, RND, 0.125, 7, 22, 4, 0.015625, 0.359375, 8.359375, 98.96, 7.745959166312208
"Trace1A.trc", 8, 64, 8, LRU, 0.125, 7, 22, 4, 0.015625, 0.359375, 8.359375, 97.99, 69.50106337728626
"Trace1A.trc", 16, 4, 1, RR, 4.0, 12, 18, 12, 4.0, 9.5, 25.5, 95.59, 5.013398553806891
"Trace1A.trc", 16, 4, 1, RND, 4.0, 12, 18, 12, 4.0, 9.5, 25.5, 96.72, 4.9073443924571105
"Trace1A.trc", 16, 4, 1, LRU, 4.0, 12, 18, 12, 4.0, 9.5, 25.5, 76.41, 8.886962994470439
"Trace1A.trc", 16, 4, 2, RR, 4.0, 12, 19, 11, 2.0, 10.0, 26.0, 95.81, 6.800510421097405
"Trace1A.trc", 16, 4, 2, RND, 4.0, 12, 19, 11, 2.0, 10.0, 26.0, 96.59, 4.939281156954488
"Trace1A.trc", 16, 4, 2, LRU, 4.0, 12, 19, 11, 2.0, 10.0, 26.0, 76.41, 8.886962994470439
"Trace1A.trc", 16, 4, 4, RR, 4.0, 12, 20, 10, 1.0, 10.5, 26.5, 95.08, 9.702502481213667
"Trace1A.trc", 16, 4, 4, RND, 4.0, 12, 20, 10, 1.0, 10.5, 26.5, 96.15, 4.978165319722104
"Trace1A.trc", 16, 4, 4, LRU, 4.0, 12, 20, 10, 1.0, 10.5, 26.5, 76.41, 8.886962994470439
"Trace1A.trc", 16, 4, 8, RR, 4.0, 12, 21, 9, 0.5, 11.0, 27.0, 95.59, 14.159648376577342
"Trace1A.trc", 16, 4, 8, RND, 4.0, 12, 21, 9, 0.5, 11.0, 27.0, 95.70, 5.010314759676733
"Trace1A.trc", 16, 4, 8, LRU, 4.0, 12, 21, 9, 0.5, 11.0, 27.0, 76.41, 8.886962994470439
"Trace1A.trc", 16, 16, 1, RR, 1.0, 10, 18, 10, 1.0, 2.375, 18.375, 97.63, 5.564795122642847
"Trace1A.trc", 16, 16, 1, RND, 1.0, 10, 18, 10, 1.0, 2.375, 18.375, 97.93, 5.332092726499362
"Trace1A.trc", 16, 16, 1, LRU, 1.0, 10, 18, 10, 1.0, 2.375, 18.375, 92.68, 21.42747766907699
"Trace1A.trc", 16, 16, 2, RR, 1.0, 10, 19, 9, 0.5, 2.5, 18.5, 97.50, 7.471005245994612
"Trace1A.trc", 16, 16, 2, RND, 1.0, 10, 19, 9, 0.5, 2.5, 18.5, 98.13, 5.193286544732738
"Trace1A.trc", 16, 16, 2, LRU, 1.0, 10, 19, 9, 0.5, 2.5, 18.5, 92.68, 21.42747766907699
"Trace1A.trc", 16, 16, 4, RR, 1.0, 10, 20, 8, 0.25, 2.625, 18.625, 97.47, 10.557493265277188
"Trace1A.trc", 16, 16, 4, RND, 1.0, 10, 20, 8, 0.25, 2.625, 18.625, 98.26, 5.096554657592514
"Trace1A.trc", 16, 16, 4, LRU, 1.0, 10, 20, 8, 0.25, 2.625, 18.625, 92.68, 21.42747766907699
"Trace1A.trc", 16, 16, 8, RR, 1.0, 10, 21, 7, 0.125, 2.75, 18.75, 97.73, 15.457394016730468
"Trace1A.trc", 16, 16, 8, RND, 1.0, 10, 21, 7, 0.125, 2.75, 18.75, 98.22, 5.1300510421097405
"Trace1A.trc", 16, 16, 8, LRU, 1.0, 10, 21, 7, 0.125, 2.75, 18.75, 92.68, 21.42747766907699
"Trace1A.trc", 16, 64, 1, RR, 0.25, 8, 18, 8, 0.25, 0.59375, 16.59375, 98.91, 8.148518360981143
"Trace1A.trc", 16, 64, 1, RND, 0.25, 8, 18, 8, 0.25, 0.59375, 16.59375, 98.95, 7.813660853537502
"Trace1A.trc", 16, 64, 1, LRU, 0.25, 8, 18, 8, 0.25, 0.59375, 16.59375, 97.99, 69.50106337728626
"Trace1A.trc", 16, 64, 2, RR, 0.25, 8, 19, 7, 0.125, 0.625, 16.625, 98.84, 11.385722387636466
"Trace1A.trc", 16, 64, 2, RND, 0.25, 8, 19, 7, 0.125, 0.625, 16.625, 99.06, 7.0929037289096835
"Trace1A.trc", 16, 64, 2, LRU, 0.25, 8, 19, 7, 0.125, 0.625, 16.625, 97.99, 69.50106337728626
"Trace1A.trc", 16, 64, 4, RR, 0.25, 8, 20, 6, 0.0625, 0.65625, 16.65625, 98.85, 16.231390897490428
"Trace1A.trc", 16, 64, 4, RND, 0.25, 8, 20, 6, 0.0625, 0.65625, 16.65625, 99.13, 6.7280589819934775
"Trace1A.trc", 16, 64, 4, LRU, 0.25, 8, 20, 6, 0.0625, 0.65625, 16.65625, 97.99, 69.50106337728626
"Trace1A.trc", 16, 64, 8, RR, 0.25, 8, 21, 5, 0.03125, 0.6875, 16.6875, 98.92, 23.435559336452574
"Trace1A.trc", 16, 64, 8, RND, 0.25, 8, 21, 5, 0.03125, 0.6875, 16.6875, 99.21, 6.317382674039416
"Trace1A.trc", 16, 64, 8, LRU, 0.25, 8, 21, 5, 0.03125, 0.6875, 16.6875, 97.99, 69.50106337728626
"Trace1A.trc", 64, 4, 1, RR, 16.0, 14, 16, 14, 16.0, 34.0, 98.0, 95.72, 5.034914220898909
"Trace1A.trc", 64, 4, 1, RND, 16.0, 14, 16, 14, 16.0, 34.0, 98.0, 97.12, 4.884339997164327
"Trace1A.trc", 64, 4, 1, LRU, 16.0, 14, 16, 14, 16.0, 34.0, 98.0, 76.41, 8.886962994470439
"Trace1A.trc", 64, 4, 2, RR, 16.0, 14, 17, 13, 8.0, 36.0, 100.0, 96.39, 6.815645824471856
"Trace1A.trc", 64, 4, 2, RND, 16.0, 14, 17, 13, 8.0, 36.0, 100.0, 96.44, 4.968346802778959
"Trace1A.trc", 64, 4, 2, LRU, 16.0, 14, 17, 13, 8.0, 36.0, 100.0, 76.41, 8.886962994470439
"Trace1A.trc", 64, 4, 4, RR, 16.0, 14, 18, 12, 4.0, 38.0, 102.0, 97.10, 10.36438395009216
"Trace1A.trc", 64, 4, 4, RND, 16.0, 14, 18, 12, 4.0, 38.0, 102.0, 95.35, 5.085353750177229
"Trace1A.trc", 64, 4, 4, LRU, 16.0, 14, 18, 12, 4.0, 38.0, 102.0, 76.41, 8.886962994470439
"Trace1A.trc", 64, 4, 8, RR, 16.0, 14, 19, 11, 2.0, 40.0, 104.0, 97.54, 16.320820927264993
"Trace1A.trc", 64, 4, 8, RND, 16.0, 14, 19, 11, 2.0, 40.0, 104.0, 94.28, 5.211647525875514
"Trace1A.trc", 64, 4, 8, LRU, 16.0, 14, 19, 11, 2.0, 40.0, 104.0, 76.41, 8.886962994470439
"Trace1A.trc", 64, 16, 1, RR, 4.0, 12, 16, 12, 4.0, 8.5, 72.5, 97.93, 5.343399971643272
"Trace1A.trc", 64, 16, 1, RND, 4.0, 12, 16, 12, 4.0, 8.5, 72.5, 98.39, 5.0160569970225435
"Trace1A.trc", 64, 16, 1, LRU, 4.0, 12, 16, 12, 4.0, 8.5, 72.5, 92.68, 21.42747766907699
"Trace1A.trc", 64, 16, 2, RR, 4.0, 12, 17, 11, 2.0, 9.0, 73.0, 98.08, 6.99773146178931
"Trace1A.trc", 64, 16, 2, RND, 4.0, 12, 17, 11, 2.0, 9.0, 73.0, 98.13, 5.217460655040409
"Trace1A.trc", 64, 16, 2, LRU, 4.0, 12, 17, 11, 2.0, 9.0, 73.0, 92.68, 21.42747766907699
"Trace1A.trc", 64, 16, 4, RR, 4.0, 12, 18, 10, 1.0, 9.5, 73.5, 98.21, 10.119948957890259
"Trace1A.trc", 64, 16, 4, RND, 4.0, 12, 18, 10, 1.0, 9.5, 73.5, 97.81, 5.435559336452573
"Trace1A.trc", 64, 16, 4, LRU, 4.0, 12, 18, 10, 1.0, 9.5, 73.5, 92.68, 21.42747766907699
"Trace1A.trc", 64, 16, 8, RR, 4.0, 12, 19, 9, 0.5, 10.0, 74.0, 98.40, 15.642988799092585
"Trace1A.trc", 64, 16, 8, RND, 4.0, 12, 19, 9, 0.5, 10.0, 74.0, 97.46, 5.73036296611371
"Trace1A.trc", 64, 16, 8, LRU, 4.0, 12, 19, 9, 0.5, 10.0, 74.0, 92.68, 21.42747766907699
"Trace1A.trc", 64, 64, 1, RR, 1.0, 10, 16, 10, 1.0, 2.125, 66.125, 99.11, 6.829611512831419
"Trace1A.trc", 64, 64, 1, RND, 1.0, 10, 16, 10, 1.0, 2.125, 66.125, 99.24, 6.198284417978165
"Trace1A.trc", 64, 64, 1, LRU, 1.0, 10, 16, 10, 1.0, 2.125, 66.125, 97.99, 69.50106337728626
"Trace1A.trc", 64, 64, 2, RR, 1.0, 10, 17, 9, 0.5, 2.25, 66.25, 99.15, 8.769105345243158
"Trace1A.trc", 64, 64, 2, RND, 1.0, 10, 17, 9, 0.5, 2.25, 66.25, 99.23, 6.2678647384091875
"Trace1A.trc", 64, 64, 2, LRU, 1.0, 10, 17, 9, 0.5, 2.25, 66.25, 97.99, 69.50106337728626
"Trace1A.trc", 64, 64, 4, RR, 1.0, 10, 18, 8, 0.25, 2.375, 66.375, 99.15, 12.880192825747908
"Trace1A.trc", 64, 64, 4, RND, 1.0, 10, 18, 8, 0.25, 2.375, 66.375, 99.16, 6.577874663263859
"Trace1A.trc", 64, 64, 4, LRU, 1.0, 10, 18, 8, 0.25, 2.375, 66.375, 97.99, 69.50106337728626
"Trace1A.trc", 64, 64, 8, RR, 1.0, 10, 19, 7, 0.125, 2.5, 66.5, 99.22, 19.63405642988799
"Trace1A.trc", 64, 64, 8, RND, 1.0, 10, 19, 7, 0.125, 2.5, 66.5, 99.13, 6.7602793137671915
"Trace1A.trc", 64, 64, 8, LRU, 1.0, 10, 19, 7, 0.125, 2.5, 66.5, 97.99, 69.50106337728626
"Trace1A.trc", 256, 4, 1, RR, 64.0, 16, 14, 16, 64.0, 120.0, 376.0, 95.66, 5.04242875372182
"Trace1A.trc", 256, 4, 1, RND, 64.0, 16, 14, 16, 64.0, 120.0, 376.0, 97.11, 4.882922160782646
"Trace1A.trc", 256, 4, 1, LRU, 64.0, 16, 14, 16, 64.0, 120.0, 376.0, 76.41, 8.886962994470439
"Trace1A.trc", 256, 4, 2, RR, 64.0, 16, 15, 15, 32.0, 128.0, 384.0, 96.38, 6.8246136395859915
"Trace1A.trc", 256, 4, 2, RND, 64.0, 16, 15, 15, 32.0, 128.0, 384.0, 96.36, 4.973451013753013
"Trace1A.trc", 256, 4, 2, LRU, 64.0, 16, 15, 15, 32.0, 128.0, 384.0, 76.41, 8.886962994470439
"Trace1A.trc", 256, 4, 4, RR, 64.0, 16, 16, 14, 16.0, 136.0, 392.0, 97.22, 10.44279030199915
"Trace1A.trc", 256, 4, 4, RND, 64.0, 16, 16, 14, 16.0, 136.0, 392.0, 95.08, 5.12725081525592
"Trace1A.trc", 256, 4, 4, LRU, 64.0, 16, 16, 14, 16.0, 136.0, 392.0, 76.41, 8.886962994470439
"Trace1A.trc", 256, 4, 8, RR, 64.0, 16, 17, 13, 8.0, 144.0, 400.0, 97.84, 16.69796540479229
"Trace1A.trc", 256, 4, 8, RND, 64.0, 16, 17, 13, 8.0, 144.0, 400.0, 93.82, 5.279774564015312
"Trace1A.trc", 256, 4, 8, LRU, 64.0, 16, 17, 13, 8.0, 144.0, 400.0, 76.41, 8.886962994470439
"Trace1A.trc", 256, 16, 1, RR, 16.0, 14, 14, 14, 16.0, 30.0, 286.0, 97.89, 5.378668651637601
"Trace1A.trc", 256, 16, 1, RND, 16.0, 14, 14, 14, 16.0, 30.0, 286.0, 98.39, 5.01825464341415
"Trace1A.trc", 256, 16, 1, LRU, 16.0, 14, 14, 14, 16.0, 30.0, 286.0, 92.68, 21.42747766907699
"Trace1A.trc", 256, 16, 2, RR, 16.0, 14, 15, 13, 8.0, 32.0, 288.0, 98.06, 7.023181624840493
"Trace1A.trc", 256, 16, 2, RND, 16.0, 14, 15, 13, 8.0, 32.0, 288.0, 98.07, 5.261449028782079
"Trace1A.trc", 256, 16, 2, LRU, 16.0, 14, 15, 13, 8.0, 32.0, 288.0, 92.68, 21.42747766907699
"Trace1A.trc", 256, 16, 4, RR, 16.0, 14, 16, 12, 4.0, 34.0, 290.0, 98.31, 10.08691337019708
"Trace1A.trc", 256, 16, 4, RND, 16.0, 14, 16, 12, 4.0, 34.0, 290.0, 97.60, 5.613391464624982
"Trace1A.trc", 256, 16, 4, LRU, 16.0, 14, 16, 12, 4.0, 34.0, 290.0, 92.68, 21.42747766907699
"Trace1A.trc", 256, 16, 8, RR, 16.0, 14, 17, 11, 2.0, 36.0, 292.0, 98.59, 15.717283425492699
"Trace1A.trc", 256, 16, 8, RND, 16.0, 14, 17, 11, 2.0, 36.0, 292.0, 96.94, 6.245498369488161
"Trace1A.trc", 256, 16, 8, LRU, 16.0, 14, 17, 11, 2.0, 36.0, 292.0, 92.68, 21.42747766907699
"Trace1A.trc", 256, 64, 1, RR, 4.0, 12, 14, 12, 4.0, 7.5, 263.5, 99.11, 6.808343967106196
"Trace1A.trc", 256, 64, 1, RND, 4.0, 12, 14, 12, 4.0, 7.5, 263.5, 99.27, 6.048773571529845
"Trace1A.trc", 256, 64, 1, LRU, 4.0, 12, 14, 12, 4.0, 7.5, 263.5, 97.99, 69.50106337728626
"Trace1A.trc", 256, 64, 2, RR, 4.0, 12, 15, 11, 2.0, 8.0, 264.0, 99.16, 8.683680703246845
"Trace1A.trc", 256, 64, 2, RND, 4.0, 12, 15, 11, 2.0, 8.0, 264.0, 99.16, 6.570076563164611
"Trace1A.trc", 256, 64, 2, LRU, 4.0, 12, 15, 11, 2.0, 8.0, 264.0, 97.99, 69.50106337728626
"Trace1A.trc", 256, 64, 4, RR, 4.0, 12, 16, 10, 1.0, 8.5, 264.5, 99.23, 12.280164469020274
"Trace1A.trc", 256, 64, 4, RND, 4.0, 12, 16, 10, 1.0, 8.5, 264.5, 99.00, 7.474656174677442
"Trace1A.trc", 256, 64, 4, LRU, 4.0, 12, 16, 10, 1.0, 8.5, 264.5, 97.99, 69.50106337728626
"Trace1A.trc", 256, 64, 8, RR, 4.0, 12, 17, 9, 0.5, 9.0, 265.0, 99.33, 18.541188146887848
"Trace1A.trc", 256, 64, 8, RND, 4.0, 12, 17, 9, 0.5, 9.0, 265.0, 98.85, 8.663795547993761
"Trace1A.trc", 256, 64, 8, LRU, 4.0, 12, 17, 9, 0.5, 9.0, 265.0, 97.99, 69.50106337728626
"Trace2A.trc", 8, 4, 1, RR, 2.0, 11, 19, 11, 2.0, 5.0, 13.0, 96.08, 4.922802272389646
"Trace2A.trc", 8, 4, 1, RND, 2.0, 11, 19, 11, 2.0, 5.0, 13.0, 96.27, 4.908694605379765
"Trace2A.trc", 8, 4, 1, LRU, 2.0, 11, 19, 11, 2.0, 5.0, 13.0, 76.45, 8.929712672824044
"Trace2A.trc", 8, 4, 2, RR, 2.0, 11, 20, 10, 1.0, 5.25, 13.25, 96.50, 6.647123910805121
"Trace2A.trc", 8, 4, 2, RND, 2.0, 11, 20, 10, 1.0, 5.25, 13.25, 96.89, 4.864952641473672
"Trace2A.trc", 8, 4, 2, LRU, 2.0, 11, 20, 10, 1.0, 5.25, 13.25, 76.45, 8.929712672824044
"Trace2A.trc", 8, 4, 4, RR, 2.0, 11, 21, 9, 0.5, 5.5, 13.5, 97.19, 9.861269485126503
"Trace2A.trc", 8, 4, 4, RND, 2.0, 11, 21, 9, 0.5, 5.5, 13.5, 96.96, 4.846280729254712
"Trace2A.trc", 8, 4, 4, LRU, 2.0, 11, 21, 9, 0.5, 5.5, 13.5, 76.45, 8.929712672824044
"Trace2A.trc", 8, 4, 8, RR, 2.0, 11, 22, 8, 0.25, 5.75, 13.75, 97.99, 15.885986076746939
"Trace2A.trc", 8, 4, 8, RND, 2.0, 11, 22, 8, 0.25, 5.75, 13.75, 96.99, 4.830836061122978
"Trace2A.trc", 8, 4, 8, LRU, 2.0, 11, 22, 8, 0.25, 5.75, 13.75, 76.45, 8.929712672824044
"Trace2A.trc", 8, 16, 1, RR, 0.5, 9, 19, 9, 0.5, 1.25, 9.25, 98.00, 5.279720100608054
"Trace2A.trc", 8, 16, 1, RND, 0.5, 9, 19, 9, 0.5, 1.25, 9.25, 98.03, 5.255961436994462
"Trace2A.trc", 8, 16, 1, LRU, 0.5, 9, 19, 9, 0.5, 1.25, 9.25, 92.69, 21.40085957390133
"Trace2A.trc", 8, 16, 2, RR, 0.5, 9, 20, 8, 0.25, 1.3125, 9.3125, 98.15, 6.849287701126462
"Trace2A.trc", 8, 16, 2, RND, 0.5, 9, 20, 8, 0.25, 1.3125, 9.3125, 98.44, 4.987879905539078
"Trace2A.trc", 8, 16, 2, LRU, 0.5, 9, 20, 8, 0.25, 1.3125, 9.3125, 92.69, 21.40085957390133
"Trace2A.trc", 8, 16, 4, RR, 0.5, 9, 21, 7, 0.125, 1.375, 9.375, 98.39, 9.787227285068106
"Trace2A.trc", 8, 16, 4, RND, 0.5, 9, 21, 7, 0.125, 1.375, 9.375, 98.49, 4.961385768365837
"Trace2A.trc", 8, 16, 4, LRU, 0.5, 9, 21, 7, 0.125, 1.375, 9.375, 92.69, 21.40085957390133
"Trace2A.trc", 8, 16, 8, RR, 0.5, 9, 22, 6, 0.0625, 1.4375, 9.4375, 98.74, 15.115438008739172
"Trace2A.trc", 8, 16, 8, RND, 0.5, 9, 22, 6, 0.0625, 1.4375, 9.4375, 98.55, 4.9083565131420555
"Trace2A.trc", 8, 16, 8, LRU, 0.5, 9, 22, 6, 0.0625, 1.4375, 9.4375, 92.69, 21.40085957390133
"Trace2A.trc", 8, 64, 1, RR, 0.125, 7, 19, 7, 0.125, 0.3125, 8.3125, 99.06, 7.107769462074759
"Trace2A.trc", 8, 64, 1, RND, 0.125, 7, 19, 7, 0.125, 0.3125, 8.3125, 99.07, 7.078908679237551
"Trace2A.trc", 8, 64, 1, LRU, 0.125, 7, 19, 7, 0.125, 0.3125, 8.3125, 98.00, 68.64820478144387
"Trace2A.trc", 8, 64, 2, RR, 0.125, 7, 20, 6, 0.0625, 0.328125, 8.328125, 99.10, 9.133910139181305
"Trace2A.trc", 8, 64, 2, RND, 0.125, 7, 20, 6, 0.0625, 0.328125, 8.328125, 99.30, 5.933897844918115
"Trace2A.trc", 8, 64, 2, LRU, 0.125, 7, 20, 6, 0.0625, 0.328125, 8.328125, 98.00, 68.64820478144387
"Trace2A.trc", 8, 64, 4, RR, 0.125, 7, 21, 5, 0.03125, 0.34375, 8.34375, 99.12, 13.147024019916707
"Trace2A.trc", 8, 64, 4, RND, 0.125, 7, 21, 5, 0.03125, 0.34375, 8.34375, 99.32, 5.852038542515099
"Trace2A.trc", 8, 64, 4, LRU, 0.125, 7, 21, 5, 0.03125, 0.34375, 8.34375, 98.00, 68.64820478144387
"Trace2A.trc", 8, 64, 8, RR, 0.125, 7, 22, 4, 0.015625, 0.359375, 8.359375, 99.22, 19.507543042727686
"Trace2A.trc", 8, 64, 8, RND, 0.125, 7, 22, 4, 0.015625, 0.359375, 8.359375, 99.36, 5.672465460804352
"Trace2A.trc", 8, 64, 8, LRU, 0.125, 7, 22, 4, 0.015625, 0.359375, 8.359375, 98.00, 68.64820478144387
"Trace2A.trc", 16, 4, 1, RR, 4.0, 12, 18, 12, 4.0, 9.5, 25.5, 96.50, 4.901195104834207
"Trace2A.trc", 16, 4, 1, RND, 4.0, 12, 18, 12, 4.0, 9.5, 25.5, 96.83, 4.875643527838823
"Trace2A.trc", 16, 4, 1, LRU, 4.0, 12, 18, 12, 4.0, 9.5, 25.5, 76.45, 8.929712672824044
"Trace2A.trc", 16, 4, 2, RR, 4.0, 12, 19, 11, 2.0, 10.0, 26.0, 96.99, 6.671000394440944
"Trace2A.trc", 16, 4, 2, RND, 4.0, 12, 19, 11, 2.0, 10.0, 26.0, 97.33, 4.87441922412954
"Trace2A.trc", 16, 4, 2, LRU, 4.0, 12, 19, 11, 2.0, 10.0, 26.0, 76.45, 8.929712672824044
"Trace2A.trc", 16, 4, 4, RR, 4.0, 12, 20, 10, 1.0, 10.5, 26.5, 97.59, 9.982106724449704
"Trace2A.trc", 16, 4, 4, RND, 4.0, 12, 20, 10, 1.0, 10.5, 26.5, 97.43, 4.83463703749238
"Trace2A.trc", 16, 4, 4, LRU, 4.0, 12, 20, 10, 1.0, 10.5, 26.5, 76.45, 8.929712672824044
"Trace2A.trc", 16, 4, 8, RR, 4.0, 12, 21, 9, 0.5, 11.0, 27.0, 98.24, 16.229948825129473
"Trace2A.trc", 16, 4, 8, RND, 4.0, 12, 21, 9, 0.5, 11.0, 27.0, 97.43, 4.828930450328615
"Trace2A.trc", 16, 4, 8, LRU, 4.0, 12, 21, 9, 0.5, 11.0, 27.0, 76.45, 8.929712672824044
"Trace2A.trc", 16, 16, 1, RR, 1.0, 10, 18, 10, 1.0, 2.375, 18.375, 98.26, 5.10237023149073
"Trace2A.trc", 16, 16, 1, RND, 1.0, 10, 18, 10, 1.0, 2.375, 18.375, 98.31, 5.068817138202886
"Trace2A.trc", 16, 16, 1, LRU, 1.0, 10, 18, 10, 1.0, 2.375, 18.375, 92.69, 21.40085957390133
"Trace2A.trc", 16, 16, 2, RR, 1.0, 10, 19, 9, 0.5, 2.5, 18.5, 98.39, 6.695158621608192
"Trace2A.trc", 16, 16, 2, RND, 1.0, 10, 19, 9, 0.5, 2.5, 18.5, 98.67, 4.857176520006352
"Trace2A.trc", 16, 16, 2, LRU, 1.0, 10, 19, 9, 0.5, 2.5, 18.5, 92.69, 21.40085957390133
"Trace2A.trc", 16, 16, 4, RR, 1.0, 10, 20, 8, 0.25, 2.625, 18.625, 98.65, 9.579187861464144
"Trace2A.trc", 16, 16, 4, RND, 1.0, 10, 20, 8, 0.25, 2.625, 18.625, 98.75, 4.811436738331976
"Trace2A.trc", 16, 16, 4, LRU, 1.0, 10, 20, 8, 0.25, 2.625, 18.625, 92.69, 21.40085957390133
"Trace2A.trc", 16, 16, 8, RR, 1.0, 10, 21, 7, 0.125, 2.75, 18.75, 98.94, 15.070359043711228
"Trace2A.trc", 16, 16, 8, RND, 1.0, 10, 21, 7, 0.125, 2.75, 18.75, 98.76, 4.800807323282773
"Trace2A.trc", 16, 16, 8, LRU, 1.0, 10, 21, 7, 0.125, 2.75, 18.75, 92.69, 21.40085957390133
"Trace2A.trc", 16, 64, 1, RR, 0.25, 8, 18, 8, 0.25, 0.59375, 16.59375, 99.18, 6.498378694041893
"Trace2A.trc", 16, 64, 1, RND, 0.25, 8, 18, 8, 0.25, 0.59375, 16.59375, 99.19, 6.439653096873672
"Trace2A.trc", 16, 64, 1, LRU, 0.25, 8, 18, 8, 0.25, 0.59375, 16.59375, 98.00, 68.64820478144387
"Trace2A.trc", 16, 64, 2, RR, 0.25, 8, 19, 7, 0.125, 0.625, 16.625, 99.20, 8.428905861802237
"Trace2A.trc", 16, 64, 2, RND, 0.25, 8, 19, 7, 0.125, 0.625, 16.625, 99.42, 5.4660191688053565
"Trace2A.trc", 16, 64, 2, LRU, 0.25, 8, 19, 7, 0.125, 0.625, 16.625, 98.00, 68.64820478144387
"Trace2A.trc", 16, 64, 4, RR, 0.25, 8, 20, 6, 0.0625, 0.65625, 16.65625, 99.29, 11.710213971405594
"Trace2A.trc", 16, 64, 4, RND, 0.25, 8, 20, 6, 0.0625, 0.65625, 16.65625, 99.46, 5.3423388811195975
"Trace2A.trc", 16, 64, 4, LRU, 0.25, 8, 20, 6, 0.0625, 0.65625, 16.65625, 98.00, 68.64820478144387
"Trace2A.trc", 16, 64, 8, RR, 0.25, 8, 21, 5, 0.03125, 0.6875, 16.6875, 99.36, 18.125094127952543
"Trace2A.trc", 16, 64, 8, RND, 0.25, 8, 21, 5, 0.03125, 0.6875, 16.6875, 99.48, 5.282240424561889
"Trace2A.trc", 16, 64, 8, LRU, 0.25, 8, 21, 5, 0.03125, 0.6875, 16.6875, 98.00, 68.64820478144387
"Trace2A.trc", 64, 4, 1, RR, 16.0, 14, 16, 14, 16.0, 34.0, 98.0, 96.70, 4.9325249855286275
"Trace2A.trc", 64, 4, 1, RND, 16.0, 14, 16, 14, 16.0, 34.0, 98.0, 97.56, 4.8515723850358325
"Trace2A.trc", 64, 4, 1, LRU, 16.0, 14, 16, 14, 16.0, 34.0, 98.0, 76.45, 8.929712672824044
"Trace2A.trc", 64, 4, 2, RR, 16.0, 14, 17, 13, 8.0, 36.0, 100.0, 97.52, 6.765000281743531
"Trace2A.trc", 64, 4, 2, RND, 16.0, 14, 17, 13, 8.0, 36.0, 100.0, 97.42, 4.912971984447757
"Trace2A.trc", 64, 4, 2, LRU, 16.0, 14, 17, 13, 8.0, 36.0, 100.0, 76.45, 8.929712672824044
"Trace2A.trc", 64, 4, 4, RR, 16.0, 14, 18, 12, 4.0, 38.0, 102.0, 97.92, 10.20733762608023
"Trace2A.trc", 64, 4, 4, RND, 16.0, 14, 18, 12, 4.0, 38.0, 102.0, 97.15, 4.9077879034695435
"Trace2A.trc", 64, 4, 4, LRU, 16.0, 14, 18, 12, 4.0, 38.0, 102.0, 76.45, 8.929712672824044
"Trace2A.trc", 64, 4, 8, RR, 16.0, 14, 19, 11, 2.0, 40.0, 104.0, 98.53, 16.84605021181991
"Trace2A.trc", 64, 4, 8, RND, 16.0, 14, 19, 11, 2.0, 40.0, 104.0, 96.95, 4.925599217265243
"Trace2A.trc", 64, 4, 8, LRU, 16.0, 14, 19, 11, 2.0, 40.0, 104.0, 76.45, 8.929712672824044
"Trace2A.trc", 64, 16, 1, RR, 4.0, 12, 16, 12, 4.0, 8.5, 72.5, 98.56, 4.933815883163519
"Trace2A.trc", 64, 16, 1, RND, 4.0, 12, 16, 12, 4.0, 8.5, 72.5, 98.75, 4.819709752936536
"Trace2A.trc", 64, 16, 1, LRU, 4.0, 12, 16, 12, 4.0, 8.5, 72.5, 92.69, 21.40085957390133
"Trace2A.trc", 64, 16, 2, RR, 4.0, 12, 17, 11, 2.0, 9.0, 73.0, 98.89, 6.388529452444253
"Trace2A.trc", 64, 16, 2, RND, 4.0, 12, 17, 11, 2.0, 9.0, 73.0, 98.84, 4.763863062398508
"Trace2A.trc", 64, 16, 2, LRU, 4.0, 12, 17, 11, 2.0, 9.0, 73.0, 92.69, 21.40085957390133
"Trace2A.trc", 64, 16, 4, RR, 4.0, 12, 18, 10, 1.0, 9.5, 73.5, 98.94, 9.4453238257698
"Trace2A.trc", 64, 16, 4, RND, 4.0, 12, 18, 10, 1.0, 9.5, 73.5, 98.84, 4.767884310983387
"Trace2A.trc", 64, 16, 4, LRU, 4.0, 12, 18, 10, 1.0, 9.5, 73.5, 92.69, 21.40085957390133
"Trace2A.trc", 64, 16, 8, RR, 4.0, 12, 19, 9, 0.5, 10.0, 74.0, 99.20, 15.084292541992593
"Trace2A.trc", 64, 16, 8, RND, 4.0, 12, 19, 9, 0.5, 10.0, 74.0, 98.80, 4.791243411043322
"Trace2A.trc", 64, 16, 8, LRU, 4.0, 12, 19, 9, 0.5, 10.0, 74.0, 92.69, 21.40085957390133
"Trace2A.trc", 64, 64, 1, RR, 1.0, 10, 16, 10, 1.0, 2.125, 66.125, 99.46, 5.348998273680544
"Trace2A.trc", 64, 64, 1, RND, 1.0, 10, 16, 10, 1.0, 2.125, 66.125, 99.53, 5.1265694395352766
"Trace2A.trc", 64, 64, 1, LRU, 1.0, 10, 16, 10, 1.0, 2.125, 66.125, 98.00, 68.64820478144387
"Trace2A.trc", 64, 64, 2, RR, 1.0, 10, 17, 9, 0.5, 2.25, 66.25, 99.54, 6.797672286169466
"Trace2A.trc", 64, 64, 2, RND, 1.0, 10, 17, 9, 0.5, 2.25, 66.25, 99.57, 4.996665181109865
"Trace2A.trc", 64, 64, 2, LRU, 1.0, 10, 17, 9, 0.5, 2.25, 66.25, 98.00, 68.64820478144387
"Trace2A.trc", 64, 64, 4, RR, 1.0, 10, 18, 8, 0.25, 2.375, 66.375, 99.46, 10.586989595979777
"Trace2A.trc", 64, 64, 4, RND, 1.0, 10, 18, 8, 0.25, 2.375, 66.375, 99.57, 4.993540389215882
"Trace2A.trc", 64, 64, 4, LRU, 1.0, 10, 18, 8, 0.25, 2.375, 66.375, 98.00, 68.64820478144387
"Trace2A.trc", 64, 64, 8, RR, 1.0, 10, 19, 7, 0.125, 2.5, 66.5, 99.57, 16.33070543457659
"Trace2A.trc", 64, 64, 8, RND, 1.0, 10, 19, 7, 0.125, 2.5, 66.5, 99.58, 4.967579003447517
"Trace2A.trc", 64, 64, 8, LRU, 1.0, 10, 19, 7, 0.125, 2.5, 66.5, 98.00, 68.64820478144387
"Trace2A.trc", 256, 4, 1, RR, 64.0, 16, 14, 16, 64.0, 120.0, 376.0, 96.30, 4.9879618672936745
"Trace2A.trc", 256, 4, 1, RND, 64.0, 16, 14, 16, 64.0, 120.0, 376.0, 97.52, 4.865183158908474
"Trace2A.trc", 256, 4, 1, LRU, 64.0, 16, 14, 16, 64.0, 120.0, 376.0, 76.45, 8.929712672824044
"Trace2A.trc", 256, 4, 2, RR, 64.0, 16, 15, 15, 32.0, 128.0, 384.0, 96.95, 6.8314405290631255
"Trace2A.trc", 256, 4, 2, RND, 64.0, 16, 15, 15, 32.0, 128.0, 384.0, 96.96, 4.969853442137563
"Trace2A.trc", 256, 4, 2, LRU, 64.0, 16, 15, 15, 32.0, 128.0, 384.0, 76.45, 8.929712672824044
"Trace2A.trc", 256, 4, 4, RR, 64.0, 16, 16, 14, 16.0, 136.0, 392.0, 97.70, 10.431328856172488
"Trace2A.trc", 256, 4, 4, RND, 64.0, 16, 16, 14, 16.0, 136.0, 392.0, 96.09, 5.037026222638861
"Trace2A.trc", 256, 4, 4, LRU, 64.0, 16, 16, 14, 16.0, 136.0, 392.0, 76.45, 8.929712672824044
"Trace2A.trc", 256, 4, 8, RR, 64.0, 16, 17, 13, 8.0, 144.0, 400.0, 98.30, 17.17012698949353
"Trace2A.trc", 256, 4, 8, RND, 64.0, 16, 17, 13, 8.0, 144.0, 400.0, 95.11, 5.145917536229657
"Trace2A.trc", 256, 4, 8, LRU, 64.0, 16, 17, 13, 8.0, 144.0, 400.0, 76.45, 8.929712672824044
"Trace2A.trc", 256, 16, 1, RR, 16.0, 14, 14, 14, 16.0, 30.0, 286.0, 98.37, 5.073171356415813
"Trace2A.trc", 256, 16, 1, RND, 16.0, 14, 14, 14, 16.0, 30.0, 286.0, 98.68, 4.8667455548554654
"Trace2A.trc", 256, 16, 1, LRU, 16.0, 14, 14, 14, 16.0, 30.0, 286.0, 92.69, 21.40085957390133
"Trace2A.trc", 256, 16, 2, RR, 16.0, 14, 15, 13, 8.0, 32.0, 288.0, 98.62, 6.609580304590371
"Trace2A.trc", 256, 16, 2, RND, 16.0, 14, 15, 13, 8.0, 32.0, 288.0, 98.55, 4.9539272486975765
"Trace2A.trc", 256, 16, 2, LRU, 16.0, 14, 15, 13, 8.0, 32.0, 288.0, 92.69, 21.40085957390133
"Trace2A.trc", 256, 16, 4, RR, 16.0, 14, 16, 12, 4.0, 34.0, 290.0, 98.91, 9.598407892916967
"Trace2A.trc", 256, 16, 4, RND, 16.0, 14, 16, 12, 4.0, 34.0, 290.0, 98.35, 5.087750303514622
"Trace2A.trc", 256, 16, 4, LRU, 16.0, 14, 16, 12, 4.0, 34.0, 290.0, 92.69, 21.40085957390133
"Trace2A.trc", 256, 16, 8, RR, 16.0, 14, 17, 11, 2.0, 36.0, 292.0, 99.25, 15.344049832746794
"Trace2A.trc", 256, 16, 8, RND, 16.0, 14, 17, 11, 2.0, 36.0, 292.0, 98.17, 5.216010204238447
"Trace2A.trc", 256, 16, 8, LRU, 16.0, 14, 17, 11, 2.0, 36.0, 292.0, 92.69, 21.40085957390133
"Trace2A.trc", 256, 64, 1, RR, 4.0, 12, 14, 12, 4.0, 7.5, 263.5, 99.41, 5.517363085450252
"Trace2A.trc", 256, 64, 1, RND, 4.0, 12, 14, 12, 4.0, 7.5, 263.5, 99.54, 5.096632908668992
"Trace2A.trc", 256, 64, 1, LRU, 4.0, 12, 14, 12, 4.0, 7.5, 263.5, 98.00, 68.64820478144387
"Trace2A.trc", 256, 64, 2, RR, 4.0, 12, 15, 11, 2.0, 8.0, 264.0, 99.48, 7.043393626449058
"Trace2A.trc", 256, 64, 2, RND, 4.0, 12, 15, 11, 2.0, 8.0, 264.0, 99.48, 5.288797364929589
"Trace2A.trc", 256, 64, 2, LRU, 4.0, 12, 15, 11, 2.0, 8.0, 264.0, 98.00, 68.64820478144387
"Trace2A.trc", 256, 64, 4, RR, 4.0, 12, 16, 10, 1.0, 8.5, 264.5, 99.57, 9.98112830600421
"Trace2A.trc", 256, 64, 4, RND, 4.0, 12, 16, 10, 1.0, 8.5, 264.5, 99.41, 5.512225107958999
"Trace2A.trc", 256, 64, 4, LRU, 4.0, 12, 16, 10, 1.0, 8.5, 264.5, 98.00, 68.64820478144387
"Trace2A.trc", 256, 64, 8, RR, 4.0, 12, 17, 9, 0.5, 9.0, 265.0, 99.70, 15.357778426641667
"Trace2A.trc", 256, 64, 8, RND, 4.0, 12, 17, 9, 0.5, 9.0, 265.0, 99.40, 5.540035755815443
"Trace2A.trc", 256, 64, 8, LRU, 4.0, 12, 17, 9, 0.5, 9.0, 265.0, 98.00, 68.64820478144387
"A-9_new 1.5.pdf.trc", 8, 4, 1, RR, 2.0, 11, 19, 11, 2.0, 5.0, 13.0, 93.21, 5.264618434093162
"A-9_new 1.5.pdf.trc", 8, 4, 1, RND, 2.0, 11, 19, 11, 2.0, 5.0, 13.0, 93.33, 5.249663877812862
"A-9_new 1.5.pdf.trc", 8, 4, 1, LRU, 2.0, 11, 19, 11, 2.0, 5.0, 13.0, 76.74, 8.906285292829649
"A-9_new 1.5.pdf.trc", 8, 4, 2, RR, 2.0, 11, 20, 10, 1.0, 5.25, 13.25, 93.04, 6.79385146088306
"A-9_new 1.5.pdf.trc", 8, 4, 2, RND, 2.0, 11, 20, 10, 1.0, 5.25, 13.25, 93.96, 5.184095082244298
"A-9_new 1.5.pdf.trc", 8, 4, 2, LRU, 2.0, 11, 20, 10, 1.0, 5.25, 13.25, 76.74, 8.906285292829649
"A-9_new 1.5.pdf.trc", 8, 4, 4, RR, 2.0, 11, 21, 9, 0.5, 5.5, 13.5, 93.79, 9.215851906485046
"A-9_new 1.5.pdf.trc", 8, 4, 4, RND, 2.0, 11, 21, 9, 0.5, 5.5, 13.5, 94.33, 5.138067470286798
"A-9_new 1.5.pdf.trc", 8, 4, 4, LRU, 2.0, 11, 21, 9, 0.5, 5.5, 13.5, 76.74, 8.906285292829649
"A-9_new 1.5.pdf.trc", 8, 4, 8, RR, 2.0, 11, 22, 8, 0.25, 5.75, 13.75, 94.85, 13.204984596000338
"A-9_new 1.5.pdf.trc", 8, 4, 8, RND, 2.0, 11, 22, 8, 0.25, 5.75, 13.75, 94.40, 5.136872795998801
"A-9_new 1.5.pdf.trc", 8, 4, 8, LRU, 2.0, 11, 22, 8, 0.25, 5.75, 13.75, 76.74, 8.906285292829649
"A-9_new 1.5.pdf.trc", 8, 16, 1, RR, 0.5, 9, 19, 9, 0.5, 1.25, 9.25, 97.22, 6.087176650455974
"A-9_new 1.5.pdf.trc", 8, 16, 1, RND, 0.5, 9, 19, 9, 0.5, 1.25, 9.25, 97.25, 6.066886394542144
"A-9_new 1.5.pdf.trc", 8, 16, 1, LRU, 0.5, 9, 19, 9, 0.5, 1.25, 9.25, 92.67, 22.255329937538892
"A-9_new 1.5.pdf.trc", 8, 16, 2, RR, 0.5, 9, 20, 8, 0.25, 1.3125, 9.3125, 97.15, 7.9921789168798645
"A-9_new 1.5.pdf.trc", 8, 16, 2, RND, 0.5, 9, 20, 8, 0.25, 1.3125, 9.3125, 97.52, 5.819400588501932
"A-9_new 1.5.pdf.trc", 8, 16, 2, LRU, 0.5, 9, 20, 8, 0.25, 1.3125, 9.3125, 92.67, 22.255329937538892
"A-9_new 1.5.pdf.trc", 8, 16, 4, RR, 0.5, 9, 21, 7, 0.125, 1.375, 9.375, 97.43, 10.927144075414295
"A-9_new 1.5.pdf.trc", 8, 16, 4, RND, 0.5, 9, 21, 7, 0.125, 1.375, 9.375, 97.71, 5.667926644693879
"A-9_new 1.5.pdf.trc", 8, 16, 4, LRU, 0.5, 9, 21, 7, 0.125, 1.375, 9.375, 92.67, 22.255329937538892
"A-9_new 1.5.pdf.trc", 8, 16, 8, RR, 0.5, 9, 22, 6, 0.0625, 1.4375, 9.4375, 97.89, 15.904303132274645
"A-9_new 1.5.pdf.trc", 8, 16, 8, RND, 0.5, 9, 22, 6, 0.0625, 1.4375, 9.4375, 97.78, 5.621979702061293
"A-9_new 1.5.pdf.trc", 8, 16, 8, LRU, 0.5, 9, 22, 6, 0.0625, 1.4375, 9.4375, 92.67, 22.255329937538892
"A-9_new 1.5.pdf.trc", 8, 64, 1, RR, 0.125, 7, 19, 7, 0.125, 0.3125, 8.3125, 98.82, 9.173465938337905
"A-9_new 1.5.pdf.trc", 8, 64, 1, RND, 0.125, 7, 19, 7, 0.125, 0.3125, 8.3125, 98.83, 9.152161553768027
"A-9_new 1.5.pdf.trc", 8, 64, 1, LRU, 0.125, 7, 19, 7, 0.125, 0.3125, 8.3125, 97.99, 71.78938391684144
"A-9_new 1.5.pdf.trc", 8, 64, 2, RR, 0.125, 7, 20, 6, 0.0625, 0.328125, 8.328125, 98.78, 12.490707662049308
"A-9_new 1.5.pdf.trc", 8, 64, 2, RND, 0.125, 7, 20, 6, 0.0625, 0.328125, 8.328125, 98.92, 8.351745146395618
"A-9_new 1.5.pdf.trc", 8, 64, 2, LRU, 0.125, 7, 20, 6, 0.0625, 0.328125, 8.328125, 97.99, 71.78938391684144
"A-9_new 1.5.pdf.trc", 8, 64, 4, RR, 0.125, 7, 21, 5, 0.03125, 0.34375, 8.34375, 98.85, 16.76887854272785
"A-9_new 1.5.pdf.trc", 8, 64, 4, RND, 0.125, 7, 21, 5, 0.03125, 0.34375, 8.34375, 98.99, 7.782188981338496
"A-9_new 1.5.pdf.trc", 8, 64, 4, LRU, 0.125, 7, 21, 5, 0.03125, 0.34375, 8.34375, 97.99, 71.78938391684144
"A-9_new 1.5.pdf.trc", 8, 64, 8, RR, 0.125, 7, 22, 4, 0.015625, 0.359375, 8.359375, 98.96, 23.382687594594387
"A-9_new 1.5.pdf.trc", 8, 64, 8, RND, 0.125, 7, 22, 4, 0.015625, 0.359375, 8.359375, 99.03, 7.545589692765114
"A-9_new 1.5.pdf.trc", 8, 64, 8, LRU, 0.125, 7, 22, 4, 0.015625, 0.359375, 8.359375, 97.99, 71.78938391684144
"A-9_new 1.5.pdf.trc", 16, 4, 1, RR, 4.0, 12, 18, 12, 4.0, 9.5, 25.5, 94.29, 5.174530005147472
"A-9_new 1.5.pdf.trc", 16, 4, 1, RND, 4.0, 12, 18, 12, 4.0, 9.5, 25.5, 94.54, 5.144640099568996
"A-9_new 1.5.pdf.trc", 16, 4, 1, LRU, 4.0, 12, 18, 12, 4.0, 9.5, 25.5, 76.74, 8.906285292829649
"A-9_new 1.5.pdf.trc", 16, 4, 2, RR, 4.0, 12, 19, 11, 2.0, 10.0, 26.0, 94.63, 6.770441991072595
"A-9_new 1.5.pdf.trc", 16, 4, 2, RND, 4.0, 12, 19, 11, 2.0, 10.0, 26.0, 95.13, 5.083965243045152
"A-9_new 1.5.pdf.trc", 16, 4, 2, LRU, 4.0, 12, 19, 11, 2.0, 10.0, 26.0, 76.74, 8.906285292829649
"A-9_new 1.5.pdf.trc", 16, 4, 4, RR, 4.0, 12, 20, 10, 1.0, 10.5, 26.5, 94.95, 9.476029686311568
"A-9_new 1.5.pdf.trc", 16, 4, 4, RND, 4.0, 12, 20, 10, 1.0, 10.5, 26.5, 95.30, 5.070297554567036
"A-9_new 1.5.pdf.trc", 16, 4, 4, LRU, 4.0, 12, 20, 10, 1.0, 10.5, 26.5, 76.74, 8.906285292829649
"A-9_new 1.5.pdf.trc", 16, 4, 8, RR, 4.0, 12, 21, 9, 0.5, 11.0, 27.0, 95.87, 13.998912884811887
"A-9_new 1.5.pdf.trc", 16, 4, 8, RND, 4.0, 12, 21, 9, 0.5, 11.0, 27.0, 95.35, 5.061301004141026
"A-9_new 1.5.pdf.trc", 16, 4, 8, LRU, 4.0, 12, 21, 9, 0.5, 11.0, 27.0, 76.74, 8.906285292829649
"A-9_new 1.5.pdf.trc", 16, 16, 1, RR, 1.0, 10, 18, 10, 1.0, 2.375, 18.375, 97.69, 5.700117546730588
"A-9_new 1.5.pdf.trc", 16, 16, 1, RND, 1.0, 10, 18, 10, 1.0, 2.375, 18.375, 97.74, 5.659560083281474
"A-9_new 1.5.pdf.trc", 16, 16, 1, LRU, 1.0, 10, 18, 10, 1.0, 2.375, 18.375, 92.67, 22.255329937538892
"A-9_new 1.5.pdf.trc", 16, 16, 2, RR, 1.0, 10, 19, 9, 0.5, 2.5, 18.5, 97.71, 7.47342906093223
"A-9_new 1.5.pdf.trc", 16, 16, 2, RND, 1.0, 10, 19, 9, 0.5, 2.5, 18.5, 98.05, 5.422688055561958
"A-9_new 1.5.pdf.trc", 16, 16, 2, LRU, 1.0, 10, 19, 9, 0.5, 2.5, 18.5, 92.67, 22.255329937538892
"A-9_new 1.5.pdf.trc", 16, 16, 4, RR, 1.0, 10, 20, 8, 0.25, 2.625, 18.625, 97.83, 10.576578237720977
"A-9_new 1.5.pdf.trc", 16, 16, 4, RND, 1.0, 10, 20, 8, 0.25, 2.625, 18.625, 98.14, 5.348629773895406
"A-9_new 1.5.pdf.trc", 16, 16, 4, LRU, 1.0, 10, 20, 8, 0.25, 2.625, 18.625, 92.67, 22.255329937538892
"A-9_new 1.5.pdf.trc", 16, 16, 8, RR, 1.0, 10, 21, 7, 0.125, 2.75, 18.75, 98.22, 15.803796836225905
"A-9_new 1.5.pdf.trc", 16, 16, 8, RND, 1.0, 10, 21, 7, 0.125, 2.75, 18.75, 98.18, 5.3273253893255275
"A-9_new 1.5.pdf.trc", 16, 16, 8, LRU, 1.0, 10, 21, 7, 0.125, 2.75, 18.75, 92.67, 22.255329937538892
"A-9_new 1.5.pdf.trc", 16, 64, 1, RR, 0.25, 8, 18, 8, 0.25, 0.59375, 16.59375, 98.99, 7.842087875784605
"A-9_new 1.5.pdf.trc", 16, 64, 1, RND, 0.25, 8, 18, 8, 0.25, 0.59375, 16.59375, 98.99, 7.797504628882692
"A-9_new 1.5.pdf.trc", 16, 64, 1, LRU, 0.25, 8, 18, 8, 0.25, 0.59375, 16.59375, 97.99, 71.78938391684144
"A-9_new 1.5.pdf.trc", 16, 64, 2, RR, 0.25, 8, 19, 7, 0.125, 0.625, 16.625, 98.97, 10.49519441307304
"A-9_new 1.5.pdf.trc", 16, 64, 2, RND, 0.25, 8, 19, 7, 0.125, 0.625, 16.625, 99.14, 6.931569364095236
"A-9_new 1.5.pdf.trc", 16, 64, 2, LRU, 0.25, 8, 19, 7, 0.125, 0.625, 16.625, 97.99, 71.78938391684144
"A-9_new 1.5.pdf.trc", 16, 64, 4, RR, 0.25, 8, 20, 6, 0.0625, 0.65625, 16.65625, 98.98, 15.009688001782408
"A-9_new 1.5.pdf.trc", 16, 64, 4, RND, 0.25, 8, 20, 6, 0.0625, 0.65625, 16.65625, 99.17, 6.721686987653752
"A-9_new 1.5.pdf.trc", 16, 64, 4, LRU, 0.25, 8, 20, 6, 0.0625, 0.65625, 16.65625, 97.99, 71.78938391684144
"A-9_new 1.5.pdf.trc", 16, 64, 8, RR, 0.25, 8, 21, 5, 0.03125, 0.6875, 16.6875, 99.11, 21.605964920367853
"A-9_new 1.5.pdf.trc", 16, 64, 8, RND, 0.25, 8, 21, 5, 0.03125, 0.6875, 16.6875, 99.22, 6.504686503637802
"A-9_new 1.5.pdf.trc", 16, 64, 8, LRU, 0.25, 8, 21, 5, 0.03125, 0.6875, 16.6875, 97.99, 71.78938391684144
"A-9_new 1.5.pdf.trc", 64, 4, 1, RR, 16.0, 14, 16, 14, 16.0, 34.0, 98.0, 94.87, 5.164296525072794
"A-9_new 1.5.pdf.trc", 64, 4, 1, RND, 16.0, 14, 16, 14, 16.0, 34.0, 98.0, 95.83, 5.048666651301081
"A-9_new 1.5.pdf.trc", 64, 4, 1, LRU, 16.0, 14, 16, 14, 16.0, 34.0, 98.0, 76.74, 8.906285292829649
"A-9_new 1.5.pdf.trc", 64, 4, 2, RR, 16.0, 14, 17, 13, 8.0, 36.0, 100.0, 95.77, 6.820983243828796
"A-9_new 1.5.pdf.trc", 64, 4, 2, RND, 16.0, 14, 17, 13, 8.0, 36.0, 100.0, 95.79, 5.057317476048893
"A-9_new 1.5.pdf.trc", 64, 4, 2, LRU, 16.0, 14, 17, 13, 8.0, 36.0, 100.0, 76.74, 8.906285292829649
"A-9_new 1.5.pdf.trc", 64, 4, 4, RR, 16.0, 14, 18, 12, 4.0, 38.0, 102.0, 96.66, 9.94718848195696
"A-9_new 1.5.pdf.trc", 64, 4, 4, RND, 16.0, 14, 18, 12, 4.0, 38.0, 102.0, 95.70, 5.062365070950592
"A-9_new 1.5.pdf.trc", 64, 4, 4, LRU, 16.0, 14, 18, 12, 4.0, 38.0, 102.0, 76.74, 8.906285292829649
"A-9_new 1.5.pdf.trc", 64, 4, 8, RR, 16.0, 14, 19, 11, 2.0, 40.0, 104.0, 97.43, 15.577081460652577
"A-9_new 1.5.pdf.trc", 64, 4, 8, RND, 16.0, 14, 19, 11, 2.0, 40.0, 104.0, 95.67, 5.062399643518412
"A-9_new 1.5.pdf.trc", 64, 4, 8, LRU, 16.0, 14, 19, 11, 2.0, 40.0, 104.0, 76.74, 8.906285292829649
"A-9_new 1.5.pdf.trc", 64, 16, 1, RR, 4.0, 12, 16, 12, 4.0, 8.5, 72.5, 98.16, 5.359650740237091
"A-9_new 1.5.pdf.trc", 64, 16, 1, RND, 4.0, 12, 16, 12, 4.0, 8.5, 72.5, 98.37, 5.206221525649004
"A-9_new 1.5.pdf.trc", 64, 16, 1, LRU, 4.0, 12, 16, 12, 4.0, 8.5, 72.5, 92.67, 22.255329937538892
"A-9_new 1.5.pdf.trc", 64, 16, 2, RR, 4.0, 12, 17, 11, 2.0, 9.0, 73.0, 98.36, 6.981684221848326
"A-9_new 1.5.pdf.trc", 64, 16, 2, RND, 4.0, 12, 17, 11, 2.0, 9.0, 73.0, 98.48, 5.138409354568573
"A-9_new 1.5.pdf.trc", 64, 16, 2, LRU, 4.0, 12, 17, 11, 2.0, 9.0, 73.0, 92.67, 22.255329937538892
"A-9_new 1.5.pdf.trc", 64, 16, 4, RR, 4.0, 12, 18, 10, 1.0, 9.5, 73.5, 98.59, 10.070389748081222
"A-9_new 1.5.pdf.trc", 64, 16, 4, RND, 4.0, 12, 18, 10, 1.0, 9.5, 73.5, 98.49, 5.128694463011194
"A-9_new 1.5.pdf.trc", 64, 16, 4, LRU, 4.0, 12, 18, 10, 1.0, 9.5, 73.5, 92.67, 22.255329937538892
"A-9_new 1.5.pdf.trc", 64, 16, 8, RR, 4.0, 12, 19, 9, 0.5, 10.0, 74.0, 98.84, 15.705979517674265
"A-9_new 1.5.pdf.trc", 64, 16, 8, RND, 4.0, 12, 19, 9, 0.5, 10.0, 74.0, 98.50, 5.118476348522215
"A-9_new 1.5.pdf.trc", 64, 16, 8, LRU, 4.0, 12, 19, 9, 0.5, 10.0, 74.0, 92.67, 22.255329937538892
"A-9_new 1.5.pdf.trc", 64, 64, 1, RR, 1.0, 10, 16, 10, 1.0, 2.125, 66.125, 99.29, 6.18316930570601
"A-9_new 1.5.pdf.trc", 64, 64, 1, RND, 1.0, 10, 16, 10, 1.0, 2.125, 66.125, 99.33, 6.009323069122087
"A-9_new 1.5.pdf.trc", 64, 64, 1, LRU, 1.0, 10, 16, 10, 1.0, 2.125, 66.125, 97.99, 71.78938391684144
"A-9_new 1.5.pdf.trc", 64, 64, 2, RR, 1.0, 10, 17, 9, 0.5, 2.25, 66.25, 99.29, 8.210493158472968
"A-9_new 1.5.pdf.trc", 64, 64, 2, RND, 1.0, 10, 17, 9, 0.5, 2.25, 66.25, 99.41, 5.718018454068423
"A-9_new 1.5.pdf.trc", 64, 64, 2, LRU, 1.0, 10, 17, 9, 0.5, 2.25, 66.25, 97.99, 71.78938391684144
"A-9_new 1.5.pdf.trc", 64, 64, 4, RR, 1.0, 10, 18, 8, 0.25, 2.375, 66.375, 99.31, 11.990381143353233
"A-9_new 1.5.pdf.trc", 64, 64, 4, RND, 1.0, 10, 18, 8, 0.25, 2.375, 66.375, 99.42, 5.666493803827567
"A-9_new 1.5.pdf.trc", 64, 64, 4, LRU, 1.0, 10, 18, 8, 0.25, 2.375, 66.375, 97.99, 71.78938391684144
"A-9_new 1.5.pdf.trc", 64, 64, 8, RR, 1.0, 10, 19, 7, 0.125, 2.5, 66.5, 99.40, 18.403039312851007
"A-9_new 1.5.pdf.trc", 64, 64, 8, RND, 1.0, 10, 19, 7, 0.125, 2.5, 66.5, 99.44, 5.6076282450196295
"A-9_new 1.5.pdf.trc", 64, 64, 8, LRU, 1.0, 10, 19, 7, 0.125, 2.5, 66.5, 97.99, 71.78938391684144
"A-9_new 1.5.pdf.trc", 256, 4, 1, RR, 64.0, 16, 14, 16, 64.0, 120.0, 376.0, 93.99, 5.297374021404261
"A-9_new 1.5.pdf.trc", 256, 4, 1, RND, 64.0, 16, 14, 16, 64.0, 120.0, 376.0, 95.94, 5.053779549941995
"A-9_new 1.5.pdf.trc", 256, 4, 1, LRU, 64.0, 16, 14, 16, 64.0, 120.0, 376.0, 76.74, 8.906285292829649
"A-9_new 1.5.pdf.trc", 256, 4, 2, RR, 64.0, 16, 15, 15, 32.0, 128.0, 384.0, 95.05, 6.944772243605995
"A-9_new 1.5.pdf.trc", 256, 4, 2, RND, 64.0, 16, 15, 15, 32.0, 128.0, 384.0, 95.13, 5.161304077258165
"A-9_new 1.5.pdf.trc", 256, 4, 2, LRU, 64.0, 16, 15, 15, 32.0, 128.0, 384.0, 76.74, 8.906285292829649
"A-9_new 1.5.pdf.trc", 256, 4, 4, RR, 64.0, 16, 16, 14, 16.0, 136.0, 392.0, 96.28, 10.146069099038883
"A-9_new 1.5.pdf.trc", 256, 4, 4, RND, 64.0, 16, 16, 14, 16.0, 136.0, 392.0, 94.22, 5.267203693886802
"A-9_new 1.5.pdf.trc", 256, 4, 4, LRU, 64.0, 16, 16, 14, 16.0, 136.0, 392.0, 76.74, 8.906285292829649
"A-9_new 1.5.pdf.trc", 256, 4, 8, RR, 64.0, 16, 17, 13, 8.0, 144.0, 400.0, 97.35, 16.033089788800023
"A-9_new 1.5.pdf.trc", 256, 4, 8, RND, 64.0, 16, 17, 13, 8.0, 144.0, 400.0, 93.67, 5.32764806662518
"A-9_new 1.5.pdf.trc", 256, 4, 8, LRU, 64.0, 16, 17, 13, 8.0, 144.0, 400.0, 76.74, 8.906285292829649
"A-9_new 1.5.pdf.trc", 256, 16, 1, RR, 16.0, 14, 14, 14, 16.0, 30.0, 286.0, 97.91, 5.566832614992202
"A-9_new 1.5.pdf.trc", 256, 16, 1, RND, 16.0, 14, 14, 14, 16.0, 30.0, 286.0, 98.38, 5.218122171771882
"A-9_new 1.5.pdf.trc", 256, 16, 1, LRU, 16.0, 14, 14, 14, 16.0, 30.0, 286.0, 92.67, 22.255329937538892
"A-9_new 1.5.pdf.trc", 256, 16, 2, RR, 16.0, 14, 15, 13, 8.0, 32.0, 288.0, 98.21, 7.154270480405037
"A-9_new 1.5.pdf.trc", 256, 16, 2, RND, 16.0, 14, 15, 13, 8.0, 32.0, 288.0, 98.20, 5.345164834320572
"A-9_new 1.5.pdf.trc", 256, 16, 2, LRU, 16.0, 14, 15, 13, 8.0, 32.0, 288.0, 92.67, 22.255329937538892
"A-9_new 1.5.pdf.trc", 256, 16, 4, RR, 16.0, 14, 16, 12, 4.0, 34.0, 290.0, 98.64, 10.141455581933144
"A-9_new 1.5.pdf.trc", 256, 16, 4, RND, 16.0, 14, 16, 12, 4.0, 34.0, 290.0, 98.06, 5.449539416568711
"A-9_new 1.5.pdf.trc", 256, 16, 4, LRU, 16.0, 14, 16, 12, 4.0, 34.0, 290.0, 92.67, 22.255329937538892
"A-9_new 1.5.pdf.trc", 256, 16, 8, RR, 16.0, 14, 17, 11, 2.0, 36.0, 292.0, 99.02, 15.908298184556049
"A-9_new 1.5.pdf.trc", 256, 16, 8, RND, 16.0, 14, 17, 11, 2.0, 36.0, 292.0, 98.00, 5.496565791596561
"A-9_new 1.5.pdf.trc", 256, 16, 8, LRU, 16.0, 14, 17, 11, 2.0, 36.0, 292.0, 92.67, 22.255329937538892
"A-9_new 1.5.pdf.trc", 256, 64, 1, RR, 4.0, 12, 14, 12, 4.0, 7.5, 263.5, 99.28, 6.2159671483777785
"A-9_new 1.5.pdf.trc", 256, 64, 1, RND, 4.0, 12, 14, 12, 4.0, 7.5, 263.5, 99.40, 5.7442014120973255
"A-9_new 1.5.pdf.trc", 256, 64, 1, LRU, 4.0, 12, 14, 12, 4.0, 7.5, 263.5, 97.99, 71.78938391684144
"A-9_new 1.5.pdf.trc", 256, 64, 2, RR, 4.0, 12, 15, 11, 2.0, 8.0, 264.0, 99.37, 7.790820599104187
"A-9_new 1.5.pdf.trc", 256, 64, 2, RND, 4.0, 12, 15, 11, 2.0, 8.0, 264.0, 99.39, 5.77581610467037
"A-9_new 1.5.pdf.trc", 256, 64, 2, LRU, 4.0, 12, 15, 11, 2.0, 8.0, 264.0, 97.99, 71.78938391684144
"A-9_new 1.5.pdf.trc", 256, 64, 4, RR, 4.0, 12, 16, 10, 1.0, 8.5, 264.5, 99.49, 10.825224145481366
"A-9_new 1.5.pdf.trc", 256, 64, 4, RND, 4.0, 12, 16, 10, 1.0, 8.5, 264.5, 99.37, 5.8425910987162055
"A-9_new 1.5.pdf.trc", 256, 64, 4, LRU, 4.0, 12, 16, 10, 1.0, 8.5, 264.5, 97.99, 71.78938391684144
"A-9_new 1.5.pdf.trc", 256, 64, 8, RR, 4.0, 12, 17, 9, 0.5, 9.0, 265.0, 99.59, 16.85603214480528
"A-9_new 1.5.pdf.trc", 256, 64, 8, RND, 4.0, 12, 17, 9, 0.5, 9.0, 265.0, 99.38, 5.83530781109549
"A-9_new 1.5.pdf.trc", 256, 64, 8, LRU, 4.0, 12, 17, 9, 0.5, 9.0, 265.0, 97.99, 71.78938391684144